date,open,high,low,close,adjClose,volume,unadjustedVolume,change,changePercent,vwap,label,changeOverTime
2022-07-06,0.333,0.41,0.333,0.41,0.41,1581,1581,0.077,23.123,0.38433,"July 06, 22",0.23123
2022-07-05,0.3,0.44,0.29,0.44,0.44,10999,10999,0.14,46.667,0.39,"July 05, 22",0.46667
2022-07-01,0.29,0.29,0.29,0.29,0.29,780,780,0,0,0.29,"July 01, 22",0
2022-06-30,0.28,0.29,0.28,0.29,0.29,3484,3484,0.01,3.571,0.28667,"June 30, 22",0.03571
2022-06-29,0.2801,0.2801,0.2801,0.2801,0.2801,100,100,0,0,0.2801,"June 29, 22",0
2022-06-28,0.27,0.44,0.27,0.28,0.28,796,796,0.01,3.704,0.33,"June 28, 22",0.03704
2022-06-27,0.42,0.42,0.26,0.26,0.26,5612,5612,-0.16,-38.095,0.31333,"June 27, 22",-0.38095
2022-06-24,0.4399,0.44,0.4399,0.44,0.44,825,825,0.0001,0.023,0.43997,"June 24, 22",0.00023
2022-06-23,0.48,0.5,0.28,0.3,0.3,12009,12009,-0.18,-37.5,0.36,"June 23, 22",-0.375
2022-06-22,0.253,0.5099,0.253,0.253,0.253,3073,3073,0,0,0.33863,"June 22, 22",0
2022-06-21,0.25,0.2801,0.25,0.28,0.28,2407,2407,0.03,12,0.27003,"June 21, 22",0.12
2022-06-17,0.25,0.51,0.25,0.25,0.25,517,517,0,0,0.33667,"June 17, 22",0
2022-06-16,0.28,0.2801,0.28,0.2801,0.2801,2100,2100,0.0001,0.036,0.28007,"June 16, 22",0.00036
2022-06-15,0.5199,0.5199,0.2,0.26,0.26,4770,4770,-0.2599,-49.99,0.32663,"June 15, 22",-0.4999
2022-06-14,0.55,0.55,0.2,0.5199,0.5199,5908,5908,-0.0301,-5.473,0.4233,"June 14, 22",-0.05473
2022-06-13,0.565,0.565,0.4999,0.5,0.5,2889,2889,-0.065,-11.504,0.52163,"June 13, 22",-0.11504
2022-06-10,0.28,0.28,0.28,0.28,0.28,956,956,0,0,0.28,"June 10, 22",0
2022-06-09,0.37,0.4,0.3427,0.3427,0.3427,22603,22603,-0.0273,-7.378,0.3618,"June 09, 22",-0.07378
2022-06-08,0.6998,0.6998,0.35,0.37,0.37,3835,3835,-0.3298,-47.128,0.47327,"June 08, 22",-0.47128
2022-06-07,0.7,0.7,0.2611,0.4,0.4,5945,5945,-0.3,-42.857,0.4537,"June 07, 22",-0.42857
2022-06-06,0.2501,0.8,0.25,0.25,0.25,58172,58172,-0.0001,-0.04,0.43333,"June 06, 22",-0.0004
2022-06-03,0.4,0.4,0.4,0.4,0.4,,,0,0,,"June 03, 22",0
2022-06-02,0.5099,0.51,0.25,0.4,0.4,7811,7811,-0.1099,-21.553,0.38667,"June 02, 22",-0.21553
2022-06-01,0.25,0.55,0.22,0.55,0.55,19713,19713,0.3,120,0.44,"June 01, 22",1.2
2022-05-31,0.25,0.25,0.25,0.25,0.25,6932,6932,0,0,0.25,"May 31, 22",0
2022-05-27,0.1553,0.22,0.1553,0.22,0.22,6536,6536,0.0647,41.661,0.19843,"May 27, 22",0.41661
2022-05-26,0.59,0.59,0.49,0.5,0.5,48584,48584,-0.09,-15.254,0.52667,"May 26, 22",-0.15254
2022-05-25,0.7,0.7,0.55,0.55,0.55,3224,3224,-0.15,-21.429,0.6,"May 25, 22",-0.21429
2022-05-24,0.103,0.25,0.1016,0.2201,0.2201,14051,14051,0.1171,113.689,0.19057,"May 24, 22",1.13689
2022-05-23,0.208,0.208,0.1,0.102,0.102,19671,19671,-0.106,-50.962,0.13667,"May 23, 22",-0.50962
2022-05-20,0.0901,0.8799,0.0901,0.267,0.267,8231,8231,0.1769,196.337,0.41233,"May 20, 22",1.96337
2022-05-19,0.1,0.11,0.09,0.09,0.09,34129,34129,-0.01,-10,0.09667,"May 19, 22",-0.1
2022-05-18,0.96,0.96,0.96,0.96,0.96,,,0,0,,"May 18, 22",0
2022-05-17,0.96,0.96,0.96,0.96,0.96,,,0,0,,"May 17, 22",0
2022-05-16,0.9,0.96,0.84,0.96,0.96,26568,26568,0.06,6.667,0.92,"May 16, 22",0.06667
2022-05-13,0.75,1.08,0.75,0.93,0.93,123062,123062,0.18,24,0.92,"May 13, 22",0.24
2022-05-12,0.98,0.98,0.7118,0.8301,0.8301,251849,251849,-0.1499,-15.296,0.84063,"May 12, 22",-0.15296
2022-05-11,1.05,1.08,0.98,1.08,1.08,48958,48958,0.03,2.857,1.04667,"May 11, 22",0.02857
2022-05-10,1.03,1.1,1.03,1.07,1.07,24771,24771,0.04,3.883,1.06667,"May 10, 22",0.03883
2022-05-09,1.04,1.13,1,1.02,1.02,41146,41146,-0.02,-1.923,1.05,"May 09, 22",-0.01923
2022-05-06,1.02,1.08,0.9901,1.079,1.079,58872,58872,0.059,5.784,1.0497,"May 06, 22",0.05784
2022-05-05,1.0301,1.072,1.03,1.06,1.06,17448,17448,0.0299,2.903,1.054,"May 05, 22",0.02903
2022-05-04,1.02,1.08,1.02,1.0699,1.0699,11038,11038,0.0499,4.892,1.05663,"May 04, 22",0.04892
2022-05-03,1.04,1.08,1.04,1.0774,1.0774,14264,14264,0.0374,3.596,1.0658,"May 03, 22",0.03596
2022-05-02,1.06,1.07,1.0116,1.0489,1.0489,19159,19159,-0.0111,-1.047,1.0435,"May 02, 22",-0.01047
2022-04-29,1.1,1.13,1.04,1.08,1.08,52479,52479,-0.02,-1.818,1.08333,"April 29, 22",-0.01818
2022-04-28,1.03,1.1,1.02,1.09,1.09,91629,91629,0.06,5.825,1.07,"April 28, 22",0.05825
2022-04-27,1.05,1.07,1,1.01,1.01,54396,54396,-0.04,-3.81,1.02667,"April 27, 22",-0.0381
2022-04-26,1.03,1.06,1,1.01,1.01,95918,95918,-0.02,-1.942,1.02333,"April 26, 22",-0.01942
2022-04-25,1.01,1.06,1.01,1.04,1.04,18901,18901,0.03,2.97,1.03667,"April 25, 22",0.0297
2022-04-22,1.03,1.07,1.002,1.07,1.07,37758,37758,0.04,3.883,1.04733,"April 22, 22",0.03883
2022-04-21,1.05,1.08,1.03,1.05,1.05,21707,21707,0,0,1.05333,"April 21, 22",0
2022-04-20,1.02,1.09,1,1.09,1.09,99478,99478,0.07,6.863,1.06,"April 20, 22",0.06863
2022-04-19,1.05,1.0781,1.01,1.06,1.06,136633,136633,0.01,0.952,1.04937,"April 19, 22",0.00952
2022-04-18,1.07,1.1,0.9115,1.1,1.1,261673,261673,0.03,2.804,1.03717,"April 18, 22",0.02804
2022-04-14,1.03,1.0775,0.9535,0.9908,0.9908,213541,213541,-0.0392,-3.806,1.00727,"April 14, 22",-0.03806
2022-04-13,1.04,1.0727,1.04,1.06,1.06,40063,40063,0.02,1.923,1.05757,"April 13, 22",0.01923
2022-04-12,1.05,1.14,1.04,1.08,1.08,233955,233955,0.03,2.857,1.08667,"April 12, 22",0.02857
2022-04-11,1.04,1.12,1.01,1.11,1.11,233951,233951,0.07,6.731,1.08,"April 11, 22",0.06731
2022-04-08,1,1.06,1,1.05,1.05,166328,166328,0.05,5,1.03667,"April 08, 22",0.05
2022-04-07,1.15,1.15,1.02,1.04,1.04,248879,248879,-0.11,-9.565,1.07,"April 07, 22",-0.09565
2022-04-06,1.14,1.14,1.05,1.09,1.09,344322,344322,-0.05,-4.386,1.09333,"April 06, 22",-0.04386
2022-04-05,1.2,1.21,1.09,1.125,1.125,555920,555920,-0.075,-6.25,1.14167,"April 05, 22",-0.0625
2022-04-04,1.37,1.4,1.2,1.2,1.2,1382748,1382748,-0.17,-12.409,1.26667,"April 04, 22",-0.12409
2022-04-01,1.205,2.35,1.1799,1.43,1.43,21456165,21456165,0.225,18.672,1.6533,"April 01, 22",0.18672
2022-03-31,1.27,1.27,1.0982,1.11,1.11,158792,158792,-0.16,-12.598,1.1594,"March 31, 22",-0.12598
2022-03-30,1.45,1.45,1.23,1.24,1.24,57408,57408,-0.21,-14.483,1.30667,"March 30, 22",-0.14483
2022-03-29,1.26,1.41,1.2,1.41,1.41,33021,33021,0.15,11.905,1.34,"March 29, 22",0.11905
2022-03-28,1.19,1.2521,1.19,1.24,1.24,12672,12672,0.05,4.202,1.22737,"March 28, 22",0.04202
2022-03-25,1.28,1.325,1.2501,1.2501,1.2501,9442,9442,-0.0299,-2.336,1.27507,"March 25, 22",-0.02336
2022-03-24,1.355,1.402,1.33,1.33,1.33,11466,11466,-0.025,-1.845,1.354,"March 24, 22",-0.01845
2022-03-23,1.37,1.43,1.3328,1.3328,1.3328,6856,6856,-0.0372,-2.715,1.3652,"March 23, 22",-0.02715
2022-03-22,1.348,1.4399,1.32,1.43,1.43,19695,19695,0.082,6.083,1.39663,"March 22, 22",0.06083
2022-03-21,1.3,1.38,1.2401,1.3,1.3,11450,11450,0,0,1.3067,"March 21, 22",0
2022-03-18,1.3101,1.3999,1.295,1.35,1.35,15938,15938,0.0399,3.046,1.3483,"March 18, 22",0.03046
2022-03-17,1.35,1.45,1.18,1.25,1.25,77901,77901,-0.1,-7.407,1.29333,"March 17, 22",-0.07407
2022-03-16,1.09,1.21,1.09,1.17,1.17,53324,53324,0.08,7.339,1.15667,"March 16, 22",0.07339
2022-03-15,1.0088,1.05,1,1.05,1.05,15413,15413,0.0412,4.084,1.03333,"March 15, 22",0.04084
2022-03-14,1.14,1.16,1.05,1.05,1.05,10583,10583,-0.09,-7.895,1.08667,"March 14, 22",-0.07895
2022-03-11,1.1899,1.2059,1.16,1.2,1.2,8287,8287,0.0101,0.849,1.18863,"March 11, 22",0.00849
2022-03-10,1.2663,1.2663,1.15,1.26,1.26,11152,11152,-0.0063,-0.498,1.22543,"March 10, 22",-0.00498
2022-03-09,1.3,1.3813,1.22,1.29,1.29,36383,36383,-0.01,-0.769,1.2971,"March 09, 22",-0.00769
2022-03-08,1.53,1.53,1.1502,1.35,1.35,89584,89584,-0.18,-11.765,1.3434,"March 08, 22",-0.11765
2022-03-07,1.55,1.5773,1.41,1.46,1.46,21170,21170,-0.09,-5.806,1.48243,"March 07, 22",-0.05806
2022-03-04,1.67,1.67,1.59,1.63,1.63,3180,3180,-0.04,-2.395,1.63,"March 04, 22",-0.02395
2022-03-03,1.61,1.69,1.58,1.63,1.63,18222,18222,0.02,1.242,1.63333,"March 03, 22",0.01242
2022-03-02,1.64,1.67,1.6,1.6,1.6,15325,15325,-0.04,-2.439,1.62333,"March 02, 22",-0.02439
2022-03-01,1.78,1.86,1.63,1.63,1.63,5694,5694,-0.15,-8.427,1.70667,"March 01, 22",-0.08427
2022-02-28,1.78,1.78,1.65,1.72,1.72,28886,28886,-0.06,-3.371,1.71667,"February 28, 22",-0.03371
2022-02-25,1.64,1.79,1.64,1.73,1.73,19862,19862,0.09,5.488,1.72,"February 25, 22",0.05488
2022-02-24,1.7,1.745,1.65,1.7,1.7,14449,14449,0,0,1.69833,"February 24, 22",0
2022-02-23,1.77,1.8405,1.72,1.72,1.72,21296,21296,-0.05,-2.825,1.76017,"February 23, 22",-0.02825
2022-02-22,1.75,1.84,1.75,1.8,1.8,10176,10176,0.05,2.857,1.79667,"February 22, 22",0.02857
2022-02-18,1.8,1.84,1.74,1.83,1.83,17400,17400,0.03,1.667,1.80333,"February 18, 22",0.01667
2022-02-17,1.86,1.86,1.7009,1.7899,1.7899,9262,9262,-0.0701,-3.769,1.7836,"February 17, 22",-0.03769
2022-02-16,1.74,1.86,1.74,1.84,1.84,31003,31003,0.1,5.747,1.81333,"February 16, 22",0.05747
2022-02-15,1.73,1.84,1.7,1.74,1.74,21925,21925,0.01,0.578,1.76,"February 15, 22",0.00578
2022-02-14,1.72,1.73,1.71,1.73,1.73,24418,24418,0.01,0.581,1.72333,"February 14, 22",0.00581
2022-02-11,1.8771,1.94,1.72,1.76,1.76,44174,44174,-0.1171,-6.238,1.80667,"February 11, 22",-0.06238
2022-02-10,1.9,1.9333,1.89,1.9,1.9,22756,22756,0,0,1.90777,"February 10, 22",0
2022-02-09,1.93,2,1.93,1.94,1.94,19000,19000,0.01,0.518,1.95667,"February 09, 22",0.00518
2022-02-08,2.04,2.04,1.91,2.01,2.01,52735,52735,-0.03,-1.471,1.98667,"February 08, 22",-0.01471
2022-02-07,2.02,2.05,1.93,1.94,1.94,24201,24201,-0.08,-3.96,1.97333,"February 07, 22",-0.0396
2022-02-04,2,2.09,2,2.01,2.01,14439,14439,0.01,0.5,2.03333,"February 04, 22",0.005
2022-02-03,2.03,2.03,1.99,2,2,19758,19758,-0.03,-1.478,2.00667,"February 03, 22",-0.01478
2022-02-02,2.16,2.16,1.94,2.0101,2.0101,58652,58652,-0.1499,-6.94,2.0367,"February 02, 22",-0.0694
2022-02-01,1.97,2.22,1.89,2.17,2.17,112810,112810,0.2,10.152,2.09333,"February 01, 22",0.10152
2022-01-31,1.73,2.13,1.7,1.97,1.97,197753,197753,0.24,13.873,1.93333,"January 31, 22",0.13873
2022-01-28,1.76,1.85,1.7,1.77,1.77,85941,85941,0.01,0.568,1.77333,"January 28, 22",0.00568
2022-01-27,2.09,2.2099,1.54,1.85,1.85,243137,243137,-0.24,-11.483,1.86663,"January 27, 22",-0.11483
2022-01-26,2.38,2.98,1.95,2.34,2.34,1293000,1293000,-0.04,-1.681,2.42333,"January 26, 22",-0.01681
2022-01-25,2.25,2.5,2,2.25,2.25,46820,46820,-0.005,-1.111,0.44833,"January 25, 22",-0.01111
2022-01-24,2.35,2.5,2.15,2.5,2.5,42680,42680,0.0339,7.273,0.47667,"January 24, 22",0.07273
2022-01-21,2.35,2.5,2.3,2.35,2.35,49240,49240,-0.0074,-1.565,0.47527,"January 21, 22",-0.01565
2022-01-20,2.65,3.15,2.4,2.5,2.5,68500,68500,-0.03,-5.66,0.53667,"January 20, 22",-0.0566
2022-01-19,2.85,2.85,2.55,2.65,2.65,31340,31340,-0.0402,-7.053,0.53663,"January 19, 22",-0.07053
2022-01-18,2.9,3,2.75,2.9,2.9,37700,37700,0,0,0.57667,"January 18, 22",0
2022-01-14,0.73,0.75,0.51,0.58,0.58,777600,777600,-0.1499,-20.534,0.61303,"January 14, 22",-0.20534
2022-01-13,3.65,3.8,3.6,3.65,3.65,9620,9620,-0.0001,-0.014,0.74333,"January 13, 22",-0.00014
2022-01-12,0.76,0.79,0.73,0.75,0.75,91200,91200,-0.0051,-0.675,0.75797,"January 12, 22",-0.00675
2022-01-11,0.73,0.82,0.73,0.77,0.77,106700,106700,0.0382,5.218,0.76787,"January 11, 22",0.05218
2022-01-10,3.85,3.85,3.65,3.7,3.7,16720,16720,-0.0299,-3.883,0.7469,"January 10, 22",-0.03883
2022-01-07,0.73,0.78,0.72,0.75,0.75,59700,59700,0.0236,3.233,0.74967,"January 07, 22",0.03233
2022-01-06,0.75,0.78,0.73,0.73,0.73,119400,119400,-0.0123,-1.649,0.74737,"January 06, 22",-0.01649
2022-01-05,0.8,0.85,0.77,0.77,0.77,152800,152800,-0.0293,-3.663,0.797,"January 05, 22",-0.03663
2022-01-04,0.75,0.81,0.73,0.78,0.78,274100,274100,0.028,3.723,0.77433,"January 04, 22",0.03723
2022-01-03,3.75,4.05,3.65,3.8,3.8,24960,24960,0.0096,1.28,0.76517,"January  03, 22",0.0128
2021-12-31,0.82,0.83,0.7,0.75,0.75,311400,311400,-0.0747,-9.058,0.75907,"December 31, 21",-0.09058
2021-12-30,0.76,0.85,0.76,0.81,0.81,817500,817500,0.05,6.579,0.80747,"December 30, 21",0.06579
2021-12-29,3.6,3.8,3.6,3.8,3.8,40180,40180,0.0416,5.778,0.74773,"December 29, 21",0.05778
2021-12-28,0.76,0.76,0.72,0.74,0.74,98600,98600,-0.0219,-2.874,0.74063,"December 28, 21",-0.02874
2021-12-27,0.77,0.8,0.75,0.77,0.77,94200,94200,0.0009,0.116,0.7733,"December 27, 21",0.00116
2021-12-23,0.86,0.86,0.8,0.8,0.8,39000,39000,-0.06,-6.977,0.82,"December 23, 21",-0.06977
2021-12-22,0.76,0.8,0.76,0.79,0.79,64800,64800,0.0303,3.988,0.78323,"December 22, 21",0.03988
2021-12-21,3.65,4,3.65,3.8,3.8,55800,55800,0.034,4.683,0.762,"December 21, 21",0.04683
2021-12-20,0.76,0.79,0.72,0.74,0.74,88900,88900,-0.0216,-2.842,0.7489,"December 20, 21",-0.02842
2021-12-17,0.8,0.84,0.77,0.8,0.8,35500,35500,0,0,0.80363,"December 17, 21",0
2021-12-16,4.2,4.2,3.9,4,4,6020,6020,-0.039,-4.643,0.80753,"December 16, 21",-0.04643
2021-12-15,0.83,0.86,0.75,0.84,0.84,254900,254900,0.0146,1.769,0.8208,"December 15, 21",0.01769
2021-12-14,0.83,0.91,0.83,0.85,0.85,60600,60600,0.02,2.41,0.86317,"December 14, 21",0.0241
2021-12-13,0.87,0.92,0.82,0.91,0.91,136000,136000,0.0434,5.011,0.88393,"December 13, 21",0.05011
2021-12-10,0.87,0.92,0.86,0.91,0.91,76100,76100,0.0359,4.116,0.8961,"December 10, 21",0.04116
2021-12-09,4.6,4.6,4.35,4.55,4.55,16540,16540,-0.01,-1.087,0.9,"December 09, 21",-0.01087
2021-12-08,0.86,0.95,0.86,0.92,0.92,171400,171400,0.06,6.977,0.91,"December 08, 21",0.06977
2021-12-07,0.9,1,0.81,0.92,0.92,220000,220000,0.0186,2.067,0.90953,"December 07, 21",0.02067
2021-12-06,4.25,4.5,3.95,4.4,4.4,25160,25160,0.0322,3.788,0.8574,"December 06, 21",0.03788
2021-12-03,0.8,0.85,0.75,0.83,0.83,320700,320700,0.03,3.75,0.80997,"December 03, 21",0.0375
2021-12-02,0.77,0.82,0.77,0.81,0.81,257900,257900,0.0399,5.181,0.7967,"December 02, 21",0.05181
2021-12-01,0.77,0.82,0.75,0.75,0.75,399100,399100,-0.015,-1.961,0.77333,"December 01, 21",-0.01961
2021-11-30,0.8,0.84,0.76,0.76,0.76,71200,71200,-0.0366,-4.575,0.78787,"November 30, 21",-0.04575
2021-11-29,4.05,4.45,4,4,4,10320,10320,-0.0146,-1.792,0.8301,"November 29, 21",-0.01792
2021-11-26,0.8,0.89,0.8,0.82,0.82,91900,91900,0.02,2.5,0.8363,"November 26, 21",0.025
2021-11-24,0.78,0.82,0.78,0.81,0.81,49000,49000,0.034,4.359,0.80467,"November 24, 21",0.04359
2021-11-23,4.25,4.25,3.9,4.1,4.1,14900,14900,-0.03,-3.529,0.81667,"November 23, 21",-0.03529
2021-11-22,0.85,0.85,0.81,0.83,0.83,115000,115000,-0.0198,-2.329,0.8304,"November 22, 21",-0.02329
2021-11-19,0.85,0.86,0.79,0.84,0.84,48000,48000,-0.0103,-1.212,0.82993,"November 19, 21",-0.01212
2021-11-18,0.86,0.87,0.79,0.81,0.81,344000,344000,-0.05,-5.814,0.82337,"November 18, 21",-0.05814
2021-11-17,0.86,0.89,0.86,0.87,0.87,102900,102900,0.0094,1.092,0.87333,"November 17, 21",0.01092
2021-11-16,4.25,4.45,4.25,4.4,4.4,20700,20700,0.0256,3.012,0.87187,"November 16, 21",0.03012
2021-11-15,0.91,0.91,0.83,0.87,0.87,127200,127200,-0.038,-4.185,0.86913,"November 15, 21",-0.04185
2021-11-12,0.92,0.93,0.86,0.89,0.89,121100,121100,-0.03,-3.261,0.89283,"November 12, 21",-0.03261
2021-11-11,4.6,4.7,4.5,4.6,4.6,14360,14360,-0.0041,-0.446,0.91867,"November 11, 21",-0.00446
2021-11-10,0.95,0.98,0.89,0.9,0.9,142500,142500,-0.0503,-5.295,0.9216,"November 10, 21",-0.05295
2021-11-09,0.99,0.99,0.94,0.95,0.95,103100,103100,-0.045,-4.545,0.9567,"November 09, 21",-0.04545
2021-11-08,0.93,0.98,0.93,0.97,0.97,149400,149400,0.04,4.301,0.95997,"November 08, 21",0.04301
2021-11-05,0.92,1,0.9,0.96,0.96,372000,372000,0.0436,4.759,0.9523,"November 05, 21",0.04759
2021-11-04,4.6,4.7,4.45,4.7,4.7,36160,36160,0.0197,2.141,0.92323,"November 04, 21",0.02141
2021-11-03,0.92,0.95,0.92,0.93,0.93,144400,144400,0.0132,1.435,0.93603,"November 03, 21",0.01435
2021-11-02,0.96,0.98,0.91,0.93,0.93,315000,315000,-0.0255,-2.656,0.94227,"November 02, 21",-0.02656
2021-11-01,4.55,4.75,4.55,4.65,4.65,40260,40260,0.0155,1.703,0.9285,"November 01, 21",0.01703
2021-10-29,0.95,0.99,0.85,0.89,0.89,562200,562200,-0.0599,-6.305,0.9107,"October 29, 21",-0.06305
2021-10-28,0.95,1,0.95,0.99,0.99,184500,184500,0.04,4.211,0.98,"October 28, 21",0.04211
2021-10-27,0.95,1.1,0.91,1.02,1.02,1321200,1321200,0.07,7.368,1.01107,"October 27, 21",0.07368
2021-10-26,1,1,0.92,0.96,0.96,543600,543600,-0.04,-4,0.96003,"October 26, 21",-0.04
2021-10-25,4.2,5.2,4.2,5,5,193840,193840,0.159,18.906,0.96033,"October 25, 21",0.18906
2021-10-22,0.86,0.92,0.85,0.9,0.9,892500,892500,0.04,4.651,0.89,"October 22, 21",0.04651
2021-10-21,0.91,1.14,0.9,0.94,0.94,5393200,5393200,0.033,3.622,0.99467,"October 21, 21",0.03622
2021-10-20,3.75,4.75,3.75,4.5,4.5,286820,286820,0.15,20,0.86527,"October 20, 21",0.2
2021-10-19,0.77,0.79,0.75,0.78,0.78,141500,141500,0.0131,1.701,0.77513,"October 19, 21",0.01701
2021-10-18,0.79,0.79,0.75,0.77,0.77,93200,93200,-0.0225,-2.854,0.76853,"October 18, 21",-0.02854
2021-10-15,0.8,0.8,0.78,0.78,0.78,101400,101400,-0.018,-2.25,0.78733,"October 15, 21",-0.0225
2021-10-14,0.74,0.81,0.74,0.8,0.8,212100,212100,0.0547,7.387,0.78153,"October 14, 21",0.07387
2021-10-13,3.7,3.85,3.7,3.75,3.75,17580,17580,0.011,1.486,0.75513,"October 13, 21",0.01486
2021-10-12,0.75,0.76,0.73,0.76,0.76,42800,42800,0.01,1.333,0.75,"October 12, 21",0.01333
2021-10-11,0.74,0.77,0.73,0.76,0.76,167400,167400,0.0203,2.743,0.75253,"October 11, 21",0.02743
2021-10-08,3.8,3.8,3.6,3.75,3.75,25280,25280,-0.0144,-1.895,0.7419,"October 08, 21",-0.01895
2021-10-07,0.74,0.76,0.73,0.75,0.75,87300,87300,0.0051,0.689,0.74443,"October 07, 21",0.00689
2021-10-06,0.73,0.74,0.73,0.74,0.74,80400,80400,0.0089,1.219,0.73523,"October 06, 21",0.01219
2021-10-05,0.74,0.75,0.73,0.74,0.74,80900,80900,0,0,0.74,"October 05, 21",0
2021-10-04,0.76,0.77,0.74,0.75,0.75,127500,127500,-0.01,-1.316,0.75333,"October 04, 21",-0.01316
2021-10-01,3.9,3.9,3.8,3.85,3.85,10920,10920,-0.01,-1.282,0.77,"October 01, 21",-0.01282
2021-09-30,0.75,0.77,0.75,0.77,0.77,147200,147200,0.02,2.667,0.76333,"September 30, 21",0.02667
2021-09-29,0.77,0.77,0.75,0.75,0.75,165700,165700,-0.02,-2.597,0.75667,"September 29, 21",-0.02597
2021-09-28,3.8,3.9,3.8,3.9,3.9,23040,23040,0.02,2.632,0.77333,"September 28, 21",0.02632
2021-09-27,0.79,0.79,0.76,0.79,0.79,205100,205100,0,0,0.78,"September 27, 21",0
2021-09-24,0.84,0.84,0.8,0.8,0.8,145200,145200,-0.04,-4.762,0.81333,"September 24, 21",-0.04762
2021-09-23,0.83,0.85,0.81,0.84,0.84,306800,306800,0.01,1.205,0.83333,"September 23, 21",0.01205
2021-09-22,0.81,0.84,0.78,0.81,0.81,418900,418900,0,0,0.81,"September 22, 21",0
2021-09-21,3.95,4.15,3.95,4.05,4.05,17620,17620,0.02,2.532,0.81,"September 21, 21",0.02532
2021-09-20,0.83,0.83,0.78,0.79,0.79,156800,156800,-0.04,-4.819,0.8,"September 20, 21",-0.04819
2021-09-17,0.85,0.85,0.82,0.84,0.84,46000,46000,-0.01,-1.176,0.83667,"September 17, 21",-0.01176
2021-09-16,4.35,4.35,4.15,4.2,4.2,25400,25400,-0.03,-3.448,0.84667,"September 16, 21",-0.03448
2021-09-15,0.86,0.88,0.84,0.86,0.86,123100,123100,0,0,0.85667,"September 15, 21",0
2021-09-14,0.89,0.9,0.85,0.88,0.88,202400,202400,-0.01,-1.124,0.87667,"September 14, 21",-0.01124
2021-09-13,0.91,0.91,0.86,0.9,0.9,271800,271800,-0.01,-1.099,0.89,"September 13, 21",-0.01099
2021-09-10,0.88,0.92,0.86,0.9,0.9,290700,290700,0.02,2.273,0.89333,"September 10, 21",0.02273
2021-09-09,4.25,4.35,4.2,4.3,4.3,15980,15980,0.01,1.176,0.85667,"September 09, 21",0.01176
2021-09-08,0.86,0.86,0.84,0.85,0.85,112400,112400,-0.01,-1.163,0.85,"September 08, 21",-0.01163
2021-09-07,0.87,0.88,0.86,0.87,0.87,72500,72500,0,0,0.87,"September 07, 21",0
2021-09-03,4.65,4.65,4.4,4.4,4.4,19500,19500,-0.05,-5.376,0.89667,"September 03, 21",-0.05376
2021-09-02,0.93,0.93,0.88,0.89,0.89,153000,153000,-0.04,-4.301,0.9,"September 02, 21",-0.04301
2021-09-01,0.86,0.92,0.86,0.9,0.9,372600,372600,0.04,4.651,0.89333,"September 01, 21",0.04651
2021-08-31,0.86,0.88,0.86,0.87,0.87,135400,135400,0.01,1.163,0.87,"August 31, 21",0.01163
2021-08-30,0.86,0.88,0.85,0.86,0.86,133500,133500,0,0,0.86333,"August 30, 21",0
2021-08-27,4.4,4.45,4.25,4.4,4.4,80040,80040,0,0,0.87333,"August 27, 21",0
2021-08-26,0.9,0.92,0.87,0.88,0.88,164700,164700,-0.02,-2.222,0.89,"August 26, 21",-0.02222
2021-08-25,0.91,0.93,0.86,0.9,0.9,213100,213100,-0.01,-1.099,0.89333,"August 25, 21",-0.01099
2021-08-24,4.2,4.55,4.2,4.45,4.45,56240,56240,0.05,5.952,0.88,"August 24, 21",0.05952
2021-08-23,0.84,0.85,0.82,0.84,0.84,121100,121100,0,0,0.83667,"August 23, 21",0
2021-08-20,0.8,0.84,0.79,0.82,0.82,150300,150300,0.02,2.5,0.81667,"August 20, 21",0.025
2021-08-19,0.85,0.85,0.76,0.8,0.8,416700,416700,-0.04,-4.762,0.80333,"August 19, 21",-0.04762
2021-08-18,0.84,0.88,0.84,0.85,0.85,207500,207500,0.01,1.19,0.85667,"August 18, 21",0.0119
2021-08-17,4.7,4.7,4.15,4.25,4.25,145900,145900,-0.09,-9.574,0.87333,"August 17, 21",-0.09574
2021-08-16,1.01,1.01,0.9,0.94,0.94,825200,825200,-0.07,-6.931,0.95333,"August 16, 21",-0.06931
2021-08-13,1.01,1.03,1.01,1.02,1.02,322400,322400,0.01,0.99,1.02,"August 13, 21",0.0099
2021-08-12,5.05,5.15,5,5.05,5.05,71440,71440,0,0,1.01667,"August 12, 21",0
2021-08-11,1.01,1.03,1.01,1.01,1.01,176900,176900,0,0,1.01667,"August 11, 21",0
2021-08-10,1.04,1.04,1,1.03,1.03,415200,415200,-0.01,-0.962,1.02333,"August 10, 21",-0.00962
2021-08-09,1.03,1.06,1.02,1.02,1.02,517700,517700,-0.01,-0.971,1.03333,"August 09, 21",-0.00971
2021-08-06,1.01,1.11,1,1.04,1.04,1242800,1242800,0.03,2.97,1.05,"August 06, 21",0.0297
2021-08-05,5,5.15,4.95,5,5,41780,41780,0,0,1.00667,"August 05, 21",0
2021-08-04,0.98,1.05,0.98,1.01,1.01,412200,412200,0.03,3.061,1.01333,"August 04, 21",0.03061
2021-08-03,0.98,1.03,0.97,0.98,0.98,395100,395100,0,0,0.99333,"August 03, 21",0
2021-08-02,4.85,5.1,4.85,4.9,4.9,62580,62580,0.01,1.031,0.99,"August 02, 21",0.01031
2021-07-30,0.98,1.01,0.96,0.98,0.98,248100,248100,0,0,0.98333,"July 30, 21",0
2021-07-29,1.01,1.02,0.97,0.97,0.97,242400,242400,-0.04,-3.96,0.98667,"July 29, 21",-0.0396
2021-07-28,1,1.03,0.99,1.02,1.02,288900,288900,0.02,2,1.01333,"July 28, 21",0.02
2021-07-27,1.05,1.05,0.97,0.99,0.99,333700,333700,-0.06,-5.714,1.00333,"July 27, 21",-0.05714
2021-07-26,5.1,5.25,5,5.15,5.15,93100,93100,0.01,0.98,1.02667,"July 26, 21",0.0098
2021-07-23,1.11,1.12,0.95,1.04,1.04,963300,963300,-0.07,-6.306,1.03667,"July 23, 21",-0.06306
2021-07-22,1.17,1.17,1.08,1.12,1.12,736600,736600,-0.05,-4.274,1.12333,"July 22, 21",-0.04274
2021-07-21,5.85,6,5.7,5.95,5.95,146760,146760,0.02,1.709,1.17667,"July 21, 21",0.01709
2021-07-20,1.12,1.16,1.11,1.15,1.15,474300,474300,0.03,2.679,1.14,"July 20, 21",0.02679
2021-07-19,1.16,1.19,1.08,1.11,1.11,822400,822400,-0.05,-4.31,1.12667,"July 19, 21",-0.0431
2021-07-16,1.11,1.28,1.11,1.23,1.23,3621600,3621600,0.12,10.811,1.20667,"July 16, 21",0.10811
2021-07-15,1.14,1.14,1.07,1.09,1.09,725900,725900,-0.05,-4.386,1.1,"July 15, 21",-0.04386
2021-07-14,5.6,5.9,5.5,5.65,5.65,170940,170940,0.01,0.893,1.13667,"July 14, 21",0.00893
2021-07-13,1.15,1.22,1.11,1.17,1.17,1469500,1469500,0.02,1.739,1.16667,"July 13, 21",0.01739
2021-07-12,1.25,1.27,1.18,1.2,1.2,1307900,1307900,-0.05,-4,1.21667,"July 12, 21",-0.04
2021-07-09,6,7.15,6,6.4,6.4,533540,533540,0.08,6.667,1.30333,"July 09, 21",0.06667
2021-07-08,1.22,1.31,1.2,1.21,1.21,2150000,2150000,-0.01,-0.82,1.24,"July 08, 21",-0.0082
2021-07-07,1.55,1.6,1.3,1.32,1.32,4551000,4551000,-0.23,-14.839,1.40667,"July 07, 21",-0.14839
2021-07-06,1.4,1.72,1.28,1.53,1.53,11208700,11208700,0.13,9.286,1.51,"July 06, 21",0.09286
2021-07-02,1.65,1.66,1.39,1.5,1.5,4207900,4207900,-0.15,-9.091,1.51667,"July 02, 21",-0.09091
2021-07-01,7.85,8.35,6.7,8.15,8.15,2917500,2917500,0.06,3.822,1.54667,"July 01, 21",0.03822
2021-06-30,1.68,2.75,1.65,1.79,1.79,121567000,121567000,0.11,6.548,2.06333,"June 30, 21",0.06548
2021-06-29,1.07,1.64,1.07,1.62,1.62,25297000,25297000,0.55,51.402,1.44333,"June 29, 21",0.51402
2021-06-28,5.25,5.4,5.15,5.4,5.4,100820,100820,0.03,2.857,1.06333,"June 28, 21",0.02857
2021-06-25,0.98,1.14,0.98,1.09,1.09,1873700,1873700,0.11,11.224,1.07,"June 25, 21",0.11224
2021-06-24,1,1.03,0.98,1.02,1.02,711900,711900,0.02,2,1.01,"June 24, 21",0.02
2021-06-23,1.05,1.05,0.99,1,1,258800,258800,-0.05,-4.762,1.01333,"June 23, 21",-0.04762
2021-06-22,0.97,1.03,0.97,1.01,1.01,157100,157100,0.04,4.124,1.00333,"June 22, 21",0.04124
2021-06-21,5.25,5.25,4.9,4.95,4.95,49940,49940,-0.06,-5.714,1.00667,"June 21, 21",-0.05714
2021-06-18,1.04,1.04,0.96,1.01,1.01,458500,458500,-0.03,-2.885,1.00333,"June 18, 21",-0.02885
2021-06-17,1.04,1.11,1.03,1.05,1.05,340300,340300,0.01,0.962,1.06333,"June 17, 21",0.00962
2021-06-16,5.35,5.45,5.1,5.25,5.25,40140,40140,-0.02,-1.869,1.05333,"June 16, 21",-0.01869
2021-06-15,1.16,1.16,1.08,1.09,1.09,169700,169700,-0.07,-6.034,1.11,"June 15, 21",-0.06034
2021-06-14,1.11,1.15,1.11,1.14,1.14,230400,230400,0.03,2.703,1.13333,"June 14, 21",0.02703
2021-06-11,1.08,1.14,1.07,1.09,1.09,246100,246100,0.01,0.926,1.1,"June 11, 21",0.00926
2021-06-10,1.1,1.15,1.07,1.09,1.09,318400,318400,-0.01,-0.909,1.10333,"June 10, 21",-0.00909
2021-06-09,5.8,5.85,5.6,5.6,5.6,40580,40580,-0.04,-3.448,1.13667,"June 09, 21",-0.03448
2021-06-08,1.13,1.17,1.12,1.16,1.16,413400,413400,0.03,2.655,1.15,"June 08, 21",0.02655
2021-06-07,1.13,1.15,1.09,1.15,1.15,405100,405100,0.02,1.77,1.13,"June 07, 21",0.0177
2021-06-04,5.65,5.85,5.55,5.55,5.55,74480,74480,-0.02,-1.77,1.13,"June 04, 21",-0.0177
2021-06-03,1.08,1.14,1.06,1.14,1.14,309200,309200,0.06,5.556,1.11333,"June 03, 21",0.05556
2021-06-02,1.05,1.13,1.04,1.1,1.1,416000,416000,0.05,4.762,1.09,"June 02, 21",0.04762
2021-06-01,1.01,1.08,1.01,1.07,1.07,371400,371400,0.06,5.941,1.05333,"June 01, 21",0.05941
2021-05-28,1.04,1.05,1.03,1.04,1.04,205600,205600,0,0,1.04,"May 28, 21",0
2021-05-27,5.15,5.4,5.15,5.25,5.25,72480,72480,0.02,1.942,1.05333,"May 27, 21",0.01942
2021-05-26,1.03,1.08,1,1.05,1.05,378600,378600,0.02,1.942,1.04333,"May 26, 21",0.01942
2021-05-25,1.01,1.05,0.98,1,1,244100,244100,-0.01,-0.99,1.01,"May 25, 21",-0.0099
2021-05-24,4.95,5.05,4.8,4.95,4.95,48840,48840,0,0,0.98667,"May 24, 21",0
2021-05-21,1,1.07,0.98,0.99,0.99,494300,494300,-0.01,-1,1.01333,"May 21, 21",-0.01
2021-05-20,1.02,1.03,0.96,1,1,210400,210400,-0.02,-1.961,0.99667,"May 20, 21",-0.01961
2021-05-19,0.98,1.02,0.97,1.02,1.02,181300,181300,0.04,4.082,1.00333,"May 19, 21",0.04082
2021-05-18,1.05,1.08,0.98,1.01,1.01,457200,457200,-0.04,-3.81,1.02333,"May 18, 21",-0.0381
2021-05-17,4.65,5.85,4.65,5.25,5.25,299100,299100,0.12,12.903,1.05,"May 17, 21",0.12903
2021-05-14,0.98,1,0.92,0.93,0.93,317000,317000,-0.05,-5.102,0.95,"May 14, 21",-0.05102
2021-05-13,1.01,1.01,0.94,0.95,0.95,162200,162200,-0.06,-5.941,0.96667,"May 13, 21",-0.05941
2021-05-12,5.2,5.2,4.75,4.8,4.8,35920,35920,-0.08,-7.692,0.98333,"May 12, 21",-0.07692
2021-05-11,0.9,1.04,0.9,1.04,1.04,387200,387200,0.14,15.556,0.99333,"May 11, 21",0.15556
2021-05-10,1.05,1.05,0.98,0.99,0.99,96700,96700,-0.06,-5.714,1.00667,"May 10, 21",-0.05714
2021-05-07,0.99,1.03,0.99,1.02,1.02,325500,325500,0.03,3.03,1.01333,"May 07, 21",0.0303
2021-05-06,1.08,1.08,0.96,0.99,0.99,267700,267700,-0.09,-8.333,1.01,"May 06, 21",-0.08333
2021-05-05,5.2,5.4,5.15,5.15,5.15,33440,33440,-0.01,-0.962,1.04667,"May 05, 21",-0.00962
2021-05-04,1.07,1.08,1.03,1.05,1.05,192700,192700,-0.02,-1.869,1.05333,"May 04, 21",-0.01869
2021-05-03,1.06,1.1,1.03,1.07,1.07,187600,187600,0.01,0.943,1.06667,"May 03, 21",0.00943
2021-04-30,5.4,5.5,5.15,5.35,5.35,70120,70120,-0.01,-0.926,1.06667,"April 30, 21",-0.00926
2021-04-29,1.22,1.22,1.08,1.09,1.09,504500,504500,-0.13,-10.656,1.13,"April 29, 21",-0.10656
2021-04-28,1.15,1.18,1.13,1.15,1.15,169000,169000,0,0,1.15333,"April 28, 21",0
2021-04-27,1.22,1.22,1.14,1.15,1.15,225900,225900,-0.07,-5.738,1.17,"April 27, 21",-0.05738
2021-04-26,1.09,1.22,1.09,1.21,1.21,621900,621900,0.12,11.009,1.17333,"April 26, 21",0.11009
2021-04-23,5.35,5.55,5.25,5.45,5.45,32660,32660,0.02,1.869,1.08333,"April 23, 21",0.01869
2021-04-22,1.09,1.13,1.05,1.06,1.06,371000,371000,-0.03,-2.752,1.08,"April 22, 21",-0.02752
2021-04-21,1.01,1.12,1.01,1.08,1.08,369900,369900,0.07,6.931,1.07,"April 21, 21",0.06931
2021-04-20,5.45,5.45,5.05,5.2,5.2,66060,66060,-0.05,-4.587,1.04667,"April 20, 21",-0.04587
2021-04-19,1.05,1.09,1.04,1.09,1.09,273500,273500,0.04,3.81,1.07333,"April 19, 21",0.0381
2021-04-16,1.08,1.1,1.03,1.05,1.05,437500,437500,-0.03,-2.778,1.06,"April 16, 21",-0.02778
2021-04-15,1.15,1.2,1.07,1.1,1.1,749700,749700,-0.05,-4.348,1.12333,"April 15, 21",-0.04348
2021-04-14,1.2,1.25,1.16,1.17,1.17,339300,339300,-0.03,-2.5,1.19333,"April 14, 21",-0.025
2021-04-13,5.95,6.4,5.6,6.4,6.4,146120,146120,0.09,7.563,1.22667,"April 13, 21",0.07563
2021-04-12,1.25,1.29,1.2,1.24,1.24,784000,784000,-0.01,-0.8,1.24333,"April 12, 21",-0.008
2021-04-09,1.33,1.34,1.28,1.33,1.33,887200,887200,0,0,1.31667,"April 09, 21",0
2021-04-08,6.9,7.05,6.8,7,7,125160,125160,0.02,1.449,1.39,"April 08, 21",0.01449
2021-04-07,1.4,1.45,1.35,1.45,1.45,1912000,1912000,0.05,3.571,1.41667,"April 07, 21",0.03571
2021-04-06,1.68,1.76,1.42,1.51,1.51,16666400,16666400,-0.17,-10.119,1.56333,"April 06, 21",-0.10119
2021-04-05,1.46,1.46,1.38,1.41,1.41,1304400,1304400,-0.05,-3.425,1.41667,"April 05, 21",-0.03425
2021-04-01,1.39,1.45,1.37,1.45,1.45,268600,268600,0.06,4.317,1.42333,"April 01, 21",0.04317
2021-03-31,7,7.15,6.7,6.8,6.8,70980,70980,-0.04,-2.857,1.37667,"March 31, 21",-0.02857
2021-03-30,1.35,1.43,1.32,1.41,1.41,237700,237700,0.06,4.444,1.38667,"March 30, 21",0.04444
2021-03-29,1.43,1.47,1.34,1.37,1.37,276200,276200,-0.06,-4.196,1.39333,"March 29, 21",-0.04196
2021-03-26,7.1,7.5,7.1,7.5,7.5,38540,38540,0.08,5.634,1.47333,"March 26, 21",0.05634
2021-03-25,1.42,1.46,1.32,1.42,1.42,422400,422400,0,0,1.4,"March 25, 21",0
2021-03-24,1.6,1.6,1.48,1.48,1.48,318700,318700,-0.12,-7.5,1.52,"March 24, 21",-0.075
2021-03-23,1.7,1.73,1.52,1.56,1.56,486900,486900,-0.14,-8.235,1.60333,"March 23, 21",-0.08235
2021-03-22,1.59,1.84,1.56,1.75,1.75,1211300,1211300,0.16,10.063,1.71667,"March 22, 21",0.10063
2021-03-19,8.25,8.25,7.85,8.1,8.1,50880,50880,-0.03,-1.818,1.61333,"March 19, 21",-0.01818
2021-03-18,1.56,1.87,1.56,1.64,1.64,1347300,1347300,0.08,5.128,1.69,"March 18, 21",0.05128
2021-03-17,1.48,1.77,1.48,1.66,1.66,1076000,1076000,0.18,12.162,1.63667,"March 17, 21",0.12162
2021-03-16,8.25,8.25,7.6,7.75,7.75,55120,55120,-0.1,-6.061,1.57333,"March 16, 21",-0.06061
2021-03-15,1.64,1.65,1.56,1.61,1.61,169500,169500,-0.03,-1.829,1.60667,"March 15, 21",-0.01829
2021-03-12,1.56,1.63,1.52,1.62,1.62,261700,261700,0.06,3.846,1.59,"March 12, 21",0.03846
2021-03-11,1.5,1.58,1.44,1.58,1.58,405000,405000,0.08,5.333,1.53333,"March 11, 21",0.05333
2021-03-10,1.48,1.51,1.43,1.51,1.51,374700,374700,0.03,2.027,1.48333,"March 10, 21",0.02027
2021-03-09,6.95,7.5,6.7,7.1,7.1,113420,113420,0.03,2.158,1.42,"March 09, 21",0.02158
2021-03-08,1.44,1.44,1.31,1.34,1.34,575800,575800,-0.1,-6.944,1.36333,"March 08, 21",-0.06944
2021-03-05,1.48,1.48,1.2,1.34,1.34,836600,836600,-0.14,-9.459,1.34,"March 05, 21",-0.09459
2021-03-04,7.9,8.35,7,7,7,129100,129100,-0.18,-11.392,1.49,"March 04, 21",-0.11392
2021-03-03,1.66,1.73,1.62,1.64,1.64,400400,400400,-0.02,-1.205,1.66333,"March 03, 21",-0.01205
2021-03-02,1.74,1.79,1.67,1.67,1.67,300200,300200,-0.07,-4.023,1.71,"March 02, 21",-0.04023
2021-03-01,1.64,1.74,1.64,1.73,1.73,305200,305200,0.09,5.488,1.70333,"March 01, 21",0.05488
2021-02-26,1.63,1.72,1.6,1.61,1.61,517500,517500,-0.02,-1.227,1.64333,"February 26, 21",-0.01227
2021-02-25,9,9.15,8.25,8.25,8.25,101880,101880,-0.15,-8.333,1.71,"February 25, 21",-0.08333
2021-02-24,1.73,1.9,1.72,1.8,1.8,756500,756500,0.07,4.046,1.80667,"February 24, 21",0.04046
2021-02-23,1.94,1.94,1.52,1.67,1.67,1542800,1542800,-0.27,-13.918,1.71,"February 23, 21",-0.13918
2021-02-22,10.45,11.8,10.4,10.55,10.55,414920,414920,0.02,0.957,2.18333,"February 22, 21",0.00957
2021-02-19,2.15,2.31,2.12,2.14,2.14,1255300,1255300,-0.01,-0.465,2.19,"February 19, 21",-0.00465
2021-02-18,2.16,2.26,2.03,2.12,2.12,1571700,1571700,-0.04,-1.852,2.13667,"February 18, 21",-0.01852
2021-02-17,2.32,2.45,2.13,2.28,2.28,1858200,1858200,-0.04,-1.724,2.28667,"February 17, 21",-0.01724
2021-02-16,2.11,2.33,2.08,2.29,2.29,1515500,1515500,0.18,8.531,2.23333,"February 16, 21",0.08531
2021-02-12,11.1,11.4,10.25,10.5,10.5,243660,243660,-0.12,-5.405,2.14333,"February 12, 21",-0.05405
2021-02-11,2.01,2.34,2,2.18,2.18,3168800,3168800,0.17,8.458,2.17333,"February 11, 21",0.08458
2021-02-10,2.05,2.15,1.79,1.98,1.98,1695900,1695900,-0.07,-3.415,1.97333,"February 10, 21",-0.03415
2021-02-09,9.9,10.8,9.5,10.1,10.1,372140,372140,0.04,2.02,2.02667,"February 09, 21",0.0202
2021-02-08,2.05,2.14,1.91,1.96,1.96,3155100,3155100,-0.09,-4.39,2.00333,"February 08, 21",-0.0439
2021-02-05,1.96,2.54,1.71,2.15,2.15,15690000,15690000,0.19,9.694,2.13333,"February 05, 21",0.09694
2021-02-04,1.77,2.13,1.75,1.93,1.93,7268000,7268000,0.16,9.04,1.93667,"February 04, 21",0.0904
2021-02-03,1.56,1.76,1.5,1.67,1.67,2571600,2571600,0.11,7.051,1.64333,"February 03, 21",0.07051
2021-02-02,7.35,7.85,7.25,7.75,7.75,172380,172380,0.08,5.442,1.52333,"February 02, 21",0.05442
2021-02-01,1.5,1.5,1.45,1.46,1.46,645400,645400,-0.04,-2.667,1.47,"February 01, 21",-0.02667
2021-01-29,1.46,1.65,1.46,1.47,1.47,2106400,2106400,0.01,0.685,1.52667,"January 29, 21",0.00685
2021-01-28,7.5,7.65,7.2,7.25,7.25,141900,141900,-0.05,-3.333,1.47333,"January 28, 21",-0.03333
2021-01-27,1.5,1.65,1.44,1.51,1.51,1272600,1272600,0.01,0.667,1.53333,"January 27, 21",0.00667
2021-01-26,1.63,1.65,1.54,1.54,1.54,836600,836600,-0.09,-5.521,1.57667,"January 26, 21",-0.05521
2021-01-25,1.66,1.7,1.6,1.63,1.63,979700,979700,-0.03,-1.807,1.64333,"January 25, 21",-0.01807
2021-01-22,1.72,1.73,1.56,1.62,1.62,1293800,1293800,-0.1,-5.814,1.63667,"January 22, 21",-0.05814
2021-01-21,7.8,9.35,7.65,8.75,8.75,1056640,1056640,0.19,12.179,1.71667,"January 21, 21",0.12179
2021-01-20,1.47,1.54,1.44,1.5,1.5,919900,919900,0.03,2.041,1.49333,"January 20, 21",0.02041
2021-01-19,1.45,1.48,1.43,1.45,1.45,411800,411800,0,0,1.45333,"January 19, 21",0
2021-01-15,7.35,7.55,7.1,7.15,7.15,113380,113380,-0.04,-2.721,1.45333,"January 15, 21",-0.02721
2021-01-14,1.47,1.52,1.44,1.48,1.48,644500,644500,0.01,0.68,1.48,"January 14, 21",0.0068
2021-01-13,1.52,1.52,1.42,1.48,1.48,753400,753400,-0.04,-2.632,1.47333,"January 13, 21",-0.02632
2021-01-12,1.42,1.54,1.4,1.5,1.5,1340200,1340200,0.08,5.634,1.48,"January 12, 21",0.05634
2021-01-11,1.38,1.45,1.38,1.42,1.42,449300,449300,0.04,2.899,1.41667,"January 11, 21",0.02899
2021-01-08,7.3,7.3,6.9,7.1,7.1,110180,110180,-0.04,-2.74,1.42,"January 08, 21",-0.0274
2021-01-07,1.4,1.47,1.35,1.42,1.42,1369200,1369200,0.02,1.429,1.41333,"January 07, 21",0.01429
2021-01-06,1.36,1.46,1.33,1.38,1.38,828600,828600,0.02,1.471,1.39,"January 06, 21",0.01471
2021-01-05,6.65,6.95,6.45,6.8,6.8,84420,84420,0.03,2.256,1.34667,"January 05, 21",0.02256
2021-01-04,1.38,1.42,1.28,1.36,1.36,656700,656700,-0.02,-1.449,1.35333,"January 04, 21",-0.01449
2020-12-31,1.36,1.4,1.31,1.33,1.33,519900,519900,-0.03,-2.206,1.34667,"December 31, 20",-0.02206
2020-12-30,1.32,1.39,1.26,1.38,1.38,1027500,1027500,0.06,4.545,1.34333,"December 30, 20",0.04545
2020-12-29,1.34,1.36,1.26,1.28,1.28,521400,521400,-0.06,-4.478,1.3,"December 29, 20",-0.04478
2020-12-28,6.85,7,6.6,6.75,6.75,157880,157880,-0.02,-1.46,1.35667,"December 28, 20",-0.0146
2020-12-24,1.4,1.42,1.33,1.4,1.4,489300,489300,0,0,1.38333,"December 24, 20",0
2020-12-23,1.52,1.59,1.41,1.42,1.42,763800,763800,-0.1,-6.579,1.47333,"December 23, 20",-0.06579
2020-12-22,6.95,7.35,6.95,7.25,7.25,224160,224160,0.06,4.317,1.43667,"December 22, 20",0.04317
2020-12-21,1.42,1.45,1.38,1.43,1.43,698800,698800,0.01,0.704,1.42,"December 21, 20",0.00704
2020-12-18,1.42,1.5,1.38,1.47,1.47,849200,849200,0.05,3.521,1.45,"December 18, 20",0.03521
2020-12-17,1.4,1.43,1.37,1.43,1.43,507200,507200,0.03,2.143,1.41,"December 17, 20",0.02143
2020-12-16,1.41,1.46,1.38,1.44,1.44,310400,310400,0.03,2.128,1.42667,"December 16, 20",0.02128
2020-12-15,7.45,7.5,6.75,7.05,7.05,248440,248440,-0.08,-5.369,1.42,"December 15, 20",-0.05369
2020-12-14,1.57,1.59,1.47,1.5,1.5,545300,545300,-0.07,-4.459,1.52,"December 14, 20",-0.04459
2020-12-11,1.55,1.55,1.47,1.53,1.53,500000,500000,-0.02,-1.29,1.51667,"December 11, 20",-0.0129
2020-12-10,7.7,7.9,7.55,7.65,7.65,112160,112160,-0.01,-0.649,1.54,"December 10, 20",-0.00649
2020-12-09,1.56,1.65,1.5,1.58,1.58,943500,943500,0.02,1.282,1.57667,"December 09, 20",0.01282
2020-12-08,1.62,1.62,1.55,1.59,1.59,814000,814000,-0.03,-1.852,1.58667,"December 08, 20",-0.01852
2020-12-07,1.69,1.74,1.57,1.63,1.63,778900,778900,-0.06,-3.55,1.64667,"December 07, 20",-0.0355
2020-12-04,1.65,1.7,1.57,1.62,1.62,1260500,1260500,-0.03,-1.818,1.63,"December 04, 20",-0.01818
2020-12-03,8.1,8.3,8,8.05,8.05,204940,204940,-0.01,-0.617,1.62333,"December 03, 20",-0.00617
2020-12-02,1.65,1.71,1.53,1.58,1.58,1982400,1982400,-0.07,-4.242,1.60667,"December 02, 20",-0.04242
2020-12-01,1.7,1.85,1.65,1.74,1.74,2173100,2173100,0.04,2.353,1.74667,"December 01, 20",0.02353
2020-11-30,8.95,9,8.1,8.3,8.3,587920,587920,-0.13,-7.263,1.69333,"November 30, 20",-0.07263
2020-11-27,1.93,1.98,1.8,1.88,1.88,2368600,2368600,-0.05,-2.591,1.88667,"November 27, 20",-0.02591
2020-11-25,2.22,2.74,1.96,2.04,2.04,35283600,35283600,-0.18,-8.108,2.24667,"November 25, 20",-0.08108
2020-11-24,1.75,1.78,1.62,1.74,1.74,4808000,4808000,-0.01,-0.571,1.71333,"November 24, 20",-0.00571
2020-11-23,1.7,1.76,1.61,1.66,1.66,3635900,3635900,-0.04,-2.353,1.67667,"November 23, 20",-0.02353
2020-11-20,8,8.4,7.65,8,8,520980,520980,0,0,1.60333,"November 20, 20",0
2020-11-19,1.67,1.68,1.56,1.61,1.61,1016700,1016700,-0.06,-3.593,1.61667,"November 19, 20",-0.03593
2020-11-18,1.58,1.74,1.53,1.69,1.69,3188200,3188200,0.11,6.962,1.65333,"November 18, 20",0.06962
2020-11-17,7,9.4,7,7.45,7.45,1539080,1539080,0.09,6.429,1.59,"November 17, 20",0.06429
2020-11-16,1.44,1.47,1.37,1.45,1.45,1538400,1538400,0.01,0.694,1.43,"November 16, 20",0.00694
2020-11-13,1.48,1.53,1.43,1.46,1.46,662500,662500,-0.02,-1.351,1.47333,"November 13, 20",-0.01351
2020-11-12,1.3,1.77,1.3,1.52,1.52,4466200,4466200,0.22,16.923,1.53,"November 12, 20",0.16923
2020-11-11,1.4,1.49,1.35,1.44,1.44,737900,737900,0.04,2.857,1.42667,"November 11, 20",0.02857
2020-11-10,7.35,7.4,6.8,7.2,7.2,373960,373960,-0.03,-2.041,1.42667,"November 10, 20",-0.02041
2020-11-09,1.54,1.57,1.45,1.49,1.49,1035000,1035000,-0.05,-3.247,1.50333,"November 09, 20",-0.03247
2020-11-06,1.72,1.72,1.5,1.54,1.54,1326300,1326300,-0.18,-10.465,1.58667,"November 06, 20",-0.10465
2020-11-05,8.45,9.1,8.35,8.5,8.5,229180,229180,0.01,0.592,1.73,"November 05, 20",0.00592
2020-11-04,1.82,1.84,1.63,1.69,1.69,1012300,1012300,-0.13,-7.143,1.72,"November 04, 20",-0.07143
2020-11-03,1.74,1.84,1.65,1.7,1.7,874200,874200,-0.04,-2.299,1.73,"November 03, 20",-0.02299
2020-11-02,1.84,1.84,1.64,1.69,1.69,898600,898600,-0.15,-8.152,1.72333,"November 02, 20",-0.08152
2020-10-30,2.12,2.14,1.73,1.79,1.79,1642400,1642400,-0.33,-15.566,1.88667,"October 30, 20",-0.15566
2020-10-29,11.85,12.35,10,10.35,10.35,522280,522280,-0.3,-12.658,2.18,"October 29, 20",-0.12658
2020-10-28,2.2,2.55,2.11,2.48,2.48,8593600,8593600,0.28,12.727,2.38,"October 28, 20",0.12727
2020-10-27,1.8,3.04,1.71,2.35,2.35,85818000,85818000,0.55,30.556,2.36667,"October 27, 20",0.30556
2020-10-26,9,10,8.3,8.7,8.7,1059080,1059080,-0.06,-3.333,1.8,"October 26, 20",-0.03333
2020-10-23,2.31,2.35,1.85,1.9,1.9,4800900,4800900,-0.41,-17.749,2.03333,"October 23, 20",-0.17749
2020-10-22,2.53,2.65,2.21,2.44,2.44,3507500,3507500,-0.09,-3.557,2.43333,"October 22, 20",-0.03557
2020-10-21,3.67,3.68,2.14,3,3,24133800,24133800,-0.67,-18.256,2.94,"October 21, 20",-0.18256
2020-10-20,0.85,5.49,0.82,5.13,5.13,126008800,126008800,4.28,503.529,3.81333,"October 20, 20",5.03529
2020-10-19,4.1,4.25,3.65,4.1,4.1,35380,35380,0,0,0.8,"October 19, 20",0
2020-10-16,0.89,0.96,0.82,0.85,0.85,25600,25600,-0.04,-4.494,0.87667,"October 16, 20",-0.04494
2020-10-15,0.95,0.95,0.85,0.85,0.85,27200,27200,-0.1,-10.526,0.88333,"October 15, 20",-0.10526
2020-10-14,4.65,4.65,4.25,4.65,4.65,4360,4360,0,0,0.90333,"October 14, 20",0
2020-10-13,0.92,0.92,0.89,0.91,0.91,11400,11400,-0.01,-1.087,0.90667,"October 13, 20",-0.01087
2020-10-12,1,1,0.92,0.92,0.92,53100,53100,-0.08,-8,0.94667,"October 12, 20",-0.08
2020-10-09,0.85,0.94,0.83,0.93,0.93,102800,102800,0.08,9.412,0.9,"October 09, 20",0.09412
2020-10-08,0.82,0.85,0.82,0.84,0.84,7900,7900,0.02,2.439,0.83667,"October 08, 20",0.02439
2020-10-07,4.05,4.15,4.05,4.1,4.1,3400,3400,0.01,1.235,0.82,"October 07, 20",0.01235
2020-10-06,0.85,0.85,0.81,0.83,0.83,13500,13500,-0.02,-2.353,0.83,"October 06, 20",-0.02353
2020-10-05,0.85,0.85,0.81,0.81,0.81,17500,17500,-0.04,-4.706,0.82333,"October 05, 20",-0.04706
2020-10-02,4.25,4.25,3.8,4.1,4.1,11540,11540,-0.03,-3.529,0.81,"October 02, 20",-0.03529
2020-10-01,0.81,0.85,0.81,0.81,0.81,10500,10500,0,0,0.82333,"October 01, 20",0
2020-09-30,0.86,0.88,0.8,0.84,0.84,47200,47200,-0.02,-2.326,0.84,"September 30, 20",-0.02326
2020-09-29,0.92,0.92,0.86,0.88,0.88,63900,63900,-0.04,-4.348,0.88667,"September 29, 20",-0.04348
2020-09-28,0.87,0.92,0.86,0.88,0.88,26700,26700,0.01,1.149,0.88667,"September 28, 20",0.01149
2020-09-25,4.3,4.35,4.3,4.3,4.3,2740,2740,0,0,0.86333,"September 25, 20",0
2020-09-24,0.91,0.95,0.85,0.91,0.91,19800,19800,0,0,0.90333,"September 24, 20",0
2020-09-23,1.03,1.03,0.93,0.93,0.93,25400,25400,-0.1,-9.709,0.96333,"September 23, 20",-0.09709
2020-09-22,5.2,5.2,4.8,5.05,5.05,4440,4440,-0.03,-2.885,1.00333,"September 22, 20",-0.02885
2020-09-21,1,1.05,0.99,1.01,1.01,15800,15800,0.01,1,1.01667,"September 21, 20",0.01
2020-09-18,1.03,1.09,1.02,1.05,1.05,12800,12800,0.02,1.942,1.05333,"September 18, 20",0.01942
2020-09-17,1,1.12,0.99,1.09,1.09,30300,30300,0.09,9,1.06667,"September 17, 20",0.09
2020-09-16,1.01,1.08,1.01,1.06,1.06,32600,32600,0.05,4.95,1.05,"September 16, 20",0.0495
2020-09-15,5.25,5.25,5.05,5.05,5.05,7840,7840,-0.04,-3.81,1.02333,"September 15, 20",-0.0381
2020-09-14,1.11,1.11,1.01,1.05,1.05,28000,28000,-0.06,-5.405,1.05667,"September 14, 20",-0.05405
2020-09-11,1.06,1.09,1.02,1.08,1.08,23500,23500,0.02,1.887,1.06333,"September 11, 20",0.01887
2020-09-10,5.5,5.5,5.1,5.4,5.4,10200,10200,-0.02,-1.818,1.06667,"September 10, 20",-0.01818
2020-09-09,1.04,1.11,1.04,1.09,1.09,28300,28300,0.05,4.808,1.08,"September 09, 20",0.04808
2020-09-08,1.1,1.19,1.04,1.1,1.1,69600,69600,0,0,1.11,"September 08, 20",0
2020-09-04,1.24,1.24,1.04,1.14,1.14,75200,75200,-0.1,-8.065,1.14,"September 04, 20",-0.08065
2020-09-03,1.25,1.25,1.15,1.21,1.21,48400,48400,-0.04,-3.2,1.20333,"September 03, 20",-0.032
2020-09-02,6.35,6.4,5.85,5.95,5.95,9980,9980,-0.08,-6.299,1.21333,"September 02, 20",-0.06299
2020-09-01,1.28,1.34,1.25,1.27,1.27,11900,11900,-0.01,-0.781,1.28667,"September 01, 20",-0.00781
2020-08-31,1.35,1.35,1.22,1.28,1.28,37500,37500,-0.07,-5.185,1.28333,"August 31, 20",-0.05185
2020-08-28,6.25,6.5,6.25,6.4,6.4,6580,6580,0.03,2.4,1.27667,"August 28, 20",0.024
2020-08-27,1.29,1.3,1.17,1.2,1.2,26000,26000,-0.09,-6.977,1.22333,"August 27, 20",-0.06977
2020-08-26,1.3,1.3,1.18,1.23,1.23,81200,81200,-0.07,-5.385,1.23667,"August 26, 20",-0.05385
2020-08-25,1.18,1.3,1.15,1.3,1.3,22200,22200,0.12,10.169,1.25,"August 25, 20",0.10169
2020-08-24,1.17,1.2,1.12,1.14,1.14,19300,19300,-0.03,-2.564,1.15333,"August 24, 20",-0.02564
2020-08-21,6,6.1,5.65,5.75,5.75,2180,2180,-0.05,-4.167,1.16667,"August 21, 20",-0.04167
2020-08-20,1.19,1.22,1.16,1.18,1.18,12700,12700,-0.01,-0.84,1.18667,"August 20, 20",-0.0084
2020-08-19,1.17,1.21,1.15,1.16,1.16,25600,25600,-0.01,-0.855,1.17333,"August 19, 20",-0.00855
2020-08-18,6.1,6.2,5.75,5.85,5.85,5120,5120,-0.05,-4.098,1.18667,"August 18, 20",-0.04098
2020-08-17,1.33,1.33,1.15,1.15,1.15,21300,21300,-0.18,-13.534,1.21,"August 17, 20",-0.13534
2020-08-14,1.3,1.3,1.24,1.25,1.25,14800,14800,-0.05,-3.846,1.26333,"August 14, 20",-0.03846
2020-08-13,1.32,1.32,1.19,1.22,1.22,11000,11000,-0.1,-7.576,1.24333,"August 13, 20",-0.07576
2020-08-12,1.28,1.32,1.25,1.25,1.25,20800,20800,-0.03,-2.344,1.27333,"August 12, 20",-0.02344
2020-08-11,6.45,6.8,6.35,6.6,6.6,2900,2900,0.03,2.326,1.31667,"August 11, 20",0.02326
2020-08-10,1.47,1.47,1.33,1.37,1.37,45700,45700,-0.1,-6.803,1.39,"August 10, 20",-0.06803
2020-08-07,1.34,1.4,1.27,1.36,1.36,42300,42300,0.02,1.493,1.34333,"August 07, 20",0.01493
2020-08-06,6.85,6.9,6.2,6.45,6.45,6040,6040,-0.08,-5.839,1.30333,"August 06, 20",-0.05839
2020-08-05,1.25,1.3,1.25,1.3,1.3,23300,23300,0.05,4,1.28333,"August 05, 20",0.04
2020-08-04,1.45,1.45,1.23,1.29,1.29,83000,83000,-0.16,-11.034,1.32333,"August 04, 20",-0.11034
2020-08-03,1.2,1.39,1.19,1.38,1.38,142500,142500,0.18,15,1.32,"August 03, 20",0.15
2020-07-31,1.1,1.16,1.09,1.14,1.14,45300,45300,0.04,3.636,1.13,"July 31, 20",0.03636
2020-07-30,5.9,5.9,5.15,5.15,5.15,17080,17080,-0.15,-12.712,1.08,"July 30, 20",-0.12712
2020-07-29,1.12,1.17,1.1,1.1,1.1,47400,47400,-0.02,-1.786,1.12333,"July 29, 20",-0.01786
2020-07-28,1.14,1.14,1.1,1.11,1.11,28400,28400,-0.03,-2.632,1.11667,"July 28, 20",-0.02632
2020-07-27,5.75,5.75,5.55,5.6,5.6,6720,6720,-0.03,-2.609,1.12667,"July 27, 20",-0.02609
2020-07-24,1.15,1.15,1.12,1.15,1.15,34500,34500,0,0,1.14,"July 24, 20",0
2020-07-23,1.22,1.22,1.16,1.18,1.18,36500,36500,-0.04,-3.279,1.18667,"July 23, 20",-0.03279
2020-07-22,1.22,1.23,1.17,1.2,1.2,31700,31700,-0.02,-1.639,1.2,"July 22, 20",-0.01639
2020-07-21,1.25,1.25,1.2,1.2,1.2,44300,44300,-0.05,-4,1.21667,"July 21, 20",-0.04
2020-07-20,5.9,6,5.65,6,6,12520,12520,0.02,1.695,1.17667,"July 20, 20",0.01695
2020-07-17,1.21,1.25,1.15,1.17,1.17,44300,44300,-0.04,-3.306,1.19,"July 17, 20",-0.03306
2020-07-16,1.21,1.25,1.21,1.21,1.21,21500,21500,0,0,1.22333,"July 16, 20",0
2020-07-15,5.9,6.25,5.9,6.25,6.25,11240,11240,0.07,5.932,1.22667,"July 15, 20",0.05932
2020-07-14,1.25,1.26,1.18,1.21,1.21,41200,41200,-0.04,-3.2,1.21667,"July 14, 20",-0.032
2020-07-13,1.29,1.32,1.17,1.26,1.26,87300,87300,-0.03,-2.326,1.25,"July 13, 20",-0.02326
2020-07-10,1.34,1.34,1.26,1.28,1.28,58000,58000,-0.06,-4.478,1.29333,"July 10, 20",-0.04478
2020-07-09,1.35,1.35,1.27,1.29,1.29,51000,51000,-0.06,-4.444,1.30333,"July 09, 20",-0.04444
2020-07-08,6.4,6.6,6.15,6.4,6.4,11540,11540,0,0,1.27667,"July 08, 20",0
2020-07-07,1.3,1.36,1.25,1.28,1.28,72800,72800,-0.02,-1.538,1.29667,"July 07, 20",-0.01538
2020-07-06,1.09,1.59,1.01,1.35,1.35,338900,338900,0.26,23.853,1.31667,"July 06, 20",0.23853
2020-07-02,6.65,7.2,6.65,6.65,6.65,7960,7960,0,0,1.36667,"July 02, 20",0
2020-07-01,1.35,1.41,1.29,1.33,1.33,19100,19100,-0.02,-1.481,1.34333,"July 01, 20",-0.01481
2020-06-30,1.35,1.35,1.28,1.3,1.3,16800,16800,-0.05,-3.704,1.31,"June 30, 20",-0.03704
2020-06-29,1.3,1.35,1.29,1.3,1.3,25000,25000,0,0,1.31333,"June 29, 20",0
2020-06-26,1.38,1.38,1.26,1.3,1.3,27900,27900,-0.08,-5.797,1.31333,"June 26, 20",-0.05797
2020-06-25,6.75,6.8,6.5,6.55,6.55,5680,5680,-0.04,-2.963,1.32333,"June 25, 20",-0.02963
2020-06-24,1.48,1.48,1.27,1.3,1.3,51700,51700,-0.18,-12.162,1.35,"June 24, 20",-0.12162
2020-06-23,1.52,1.52,1.4,1.44,1.44,47300,47300,-0.08,-5.263,1.45333,"June 23, 20",-0.05263
2020-06-22,7.5,7.55,7.2,7.35,7.35,7840,7840,-0.03,-2,1.47333,"June 22, 20",-0.02
2020-06-19,1.58,1.65,1.4,1.44,1.44,81100,81100,-0.14,-8.861,1.49667,"June 19, 20",-0.08861
2020-06-18,1.77,1.77,1.58,1.58,1.58,66000,66000,-0.19,-10.734,1.64333,"June 18, 20",-0.10734
2020-06-17,1.77,1.84,1.68,1.71,1.71,66100,66100,-0.06,-3.39,1.74333,"June 17, 20",-0.0339
2020-06-16,1.92,1.95,1.75,1.79,1.79,58900,58900,-0.13,-6.771,1.83,"June 16, 20",-0.06771
2020-06-15,9.25,9.3,8.75,9.15,9.15,23600,23600,-0.02,-1.081,1.81333,"June 15, 20",-0.01081
2020-06-12,1.75,1.86,1.72,1.78,1.78,57300,57300,0.03,1.714,1.78667,"June 12, 20",0.01714
2020-06-11,1.92,1.92,1.64,1.75,1.75,138300,138300,-0.17,-8.854,1.77,"June 11, 20",-0.08854
2020-06-10,9.4,13.75,9.2,10,10,116560,116560,0.12,6.383,2.19667,"June 10, 20",0.06383
2020-06-09,1.75,1.83,1.71,1.81,1.81,80200,80200,0.06,3.429,1.78333,"June 09, 20",0.03429
2020-06-08,1.72,1.75,1.65,1.7,1.7,45500,45500,-0.02,-1.163,1.7,"June 08, 20",-0.01163
2020-06-05,1.72,1.75,1.64,1.64,1.64,30600,30600,-0.08,-4.651,1.67667,"June 05, 20",-0.04651
2020-06-04,1.65,1.69,1.55,1.64,1.64,13100,13100,-0.01,-0.606,1.62667,"June 04, 20",-0.00606
2020-06-03,8.55,8.55,8,8.1,8.1,3040,3040,-0.09,-5.263,1.64333,"June 03, 20",-0.05263
2020-06-02,1.68,1.68,1.56,1.65,1.65,11300,11300,-0.03,-1.786,1.63,"June 02, 20",-0.01786
2020-06-01,1.58,1.65,1.56,1.63,1.63,16800,16800,0.05,3.165,1.61333,"June 01, 20",0.03165
2020-05-29,8.35,8.4,7.55,7.95,7.95,2780,2780,-0.08,-4.79,1.59333,"May 29, 20",-0.0479
2020-05-28,1.7,1.76,1.65,1.67,1.67,46600,46600,-0.03,-1.765,1.69333,"May 28, 20",-0.01765
2020-05-27,1.53,1.76,1.5,1.7,1.7,48400,48400,0.17,11.111,1.65333,"May 27, 20",0.11111
2020-05-26,1.6,1.6,1.45,1.46,1.46,25000,25000,-0.14,-8.75,1.50333,"May 26, 20",-0.0875
2020-05-22,1.64,1.67,1.6,1.6,1.6,16500,16500,-0.04,-2.439,1.62333,"May 22, 20",-0.02439
2020-05-21,8,8.5,7.9,8.4,8.4,10220,10220,0.08,5,1.65333,"May 21, 20",0.05
2020-05-20,1.5,1.57,1.43,1.57,1.57,22600,22600,0.07,4.667,1.52333,"May 20, 20",0.04667
2020-05-19,1.48,1.48,1.39,1.45,1.45,5900,5900,-0.03,-2.027,1.44,"May 19, 20",-0.02027
2020-05-18,7.5,7.5,7.15,7.4,7.4,3620,3620,-0.02,-1.333,1.47,"May 18, 20",-0.01333
2020-05-15,1.48,1.48,1.4,1.41,1.41,5700,5700,-0.07,-4.73,1.43,"May 15, 20",-0.0473
2020-05-14,1.38,1.46,1.37,1.41,1.41,4600,4600,0.03,2.174,1.41333,"May 14, 20",0.02174
2020-05-13,1.48,1.48,1.35,1.39,1.39,8700,8700,-0.09,-6.081,1.40667,"May 13, 20",-0.06081
2020-05-12,1.47,1.47,1.43,1.44,1.44,7200,7200,-0.03,-2.041,1.44667,"May 12, 20",-0.02041
2020-05-11,6.75,7.1,6.75,7.1,7.1,1660,1660,0.07,5.185,1.39667,"May 11, 20",0.05185
2020-05-08,1.42,1.43,1.35,1.35,1.35,9700,9700,-0.07,-4.93,1.37667,"May 08, 20",-0.0493
2020-05-07,1.5,1.5,1.4,1.43,1.43,13400,13400,-0.07,-4.667,1.44333,"May 07, 20",-0.04667
2020-05-06,7.65,7.65,6.8,7.25,7.25,8180,8180,-0.08,-5.229,1.44667,"May 06, 20",-0.05229
2020-05-05,1.51,1.56,1.43,1.47,1.47,32600,32600,-0.04,-2.649,1.48667,"May 05, 20",-0.02649
2020-05-04,1.52,1.52,1.46,1.46,1.46,38000,38000,-0.06,-3.947,1.48,"May 04, 20",-0.03947
2020-05-01,1.57,1.57,1.36,1.48,1.48,31300,31300,-0.09,-5.732,1.47,"May 01, 20",-0.05732
2020-04-30,1.53,1.55,1.44,1.5,1.5,40900,40900,-0.03,-1.961,1.49667,"April 30, 20",-0.01961
2020-04-29,6.9,8.25,6.85,7.9,7.9,17320,17320,0.2,14.493,1.53333,"April 29, 20",0.14493
2020-04-28,1.4,1.4,1.35,1.35,1.35,39600,39600,-0.05,-3.571,1.36667,"April 28, 20",-0.03571
2020-04-27,1.32,1.38,1.25,1.34,1.34,35100,35100,0.02,1.515,1.32333,"April 27, 20",0.01515
2020-04-24,6.25,6.5,6.05,6.4,6.4,7860,7860,0.03,2.4,1.26333,"April 24, 20",0.024
2020-04-23,1.35,1.35,1.24,1.28,1.28,40300,40300,-0.07,-5.185,1.29,"April 23, 20",-0.05185
2020-04-22,1.34,1.36,1.2,1.31,1.31,60000,60000,-0.03,-2.239,1.29,"April 22, 20",-0.02239
2020-04-21,1.32,1.32,1.17,1.28,1.28,57000,57000,-0.04,-3.03,1.25667,"April 21, 20",-0.0303
2020-04-20,1.34,1.35,1.32,1.32,1.32,44300,44300,-0.02,-1.493,1.33,"April 20, 20",-0.01493
2020-04-17,6.95,7.1,6.85,7.05,7.05,9780,9780,0.02,1.439,1.4,"April 17, 20",0.01439
2020-04-16,1.42,1.42,1.33,1.36,1.36,41600,41600,-0.06,-4.225,1.37,"April 16, 20",-0.04225
2020-04-15,1.4,1.48,1.35,1.37,1.37,33400,33400,-0.03,-2.143,1.4,"April 15, 20",-0.02143
2020-04-14,6.65,7.35,6.65,7.3,7.3,13940,13940,0.13,9.774,1.42,"April 14, 20",0.09774
2020-04-13,1.33,1.39,1.28,1.38,1.38,40100,40100,0.05,3.759,1.35,"April 13, 20",0.03759
2020-04-09,1.35,1.42,1.34,1.38,1.38,41000,41000,0.03,2.222,1.38,"April 09, 20",0.02222
2020-04-08,1.4,1.42,1.34,1.39,1.39,41000,41000,-0.01,-0.714,1.38333,"April 08, 20",-0.00714
2020-04-07,1.39,1.5,1.35,1.48,1.48,75000,75000,0.09,6.475,1.44333,"April 07, 20",0.06475
2020-04-06,5.9,6.5,5.9,6.5,6.5,9320,9320,0.12,10.169,1.26,"April 06, 20",0.10169
2020-04-03,1.19,1.23,1.18,1.22,1.22,48000,48000,0.03,2.521,1.21,"April 03, 20",0.02521
2020-04-02,1.32,1.32,1.2,1.25,1.25,42100,42100,-0.07,-5.303,1.25667,"April 02, 20",-0.05303
2020-04-01,7.55,7.55,6.5,6.5,6.5,8560,8560,-0.21,-13.907,1.37,"April 01, 20",-0.13907
2020-03-31,1.4,1.52,1.35,1.46,1.46,50400,50400,0.06,4.286,1.44333,"March 31, 20",0.04286
2020-03-30,1.39,1.48,1.3,1.37,1.37,58300,58300,-0.02,-1.439,1.38333,"March 30, 20",-0.01439
2020-03-27,1.21,1.35,1.21,1.33,1.33,42300,42300,0.12,9.917,1.29667,"March 27, 20",0.09917
2020-03-26,1.14,1.22,1.12,1.18,1.18,57900,57900,0.04,3.509,1.17333,"March 26, 20",0.03509
2020-03-25,6.85,6.85,5.15,5.2,5.2,19560,19560,-0.33,-24.088,1.14667,"March 25, 20",-0.24088
2020-03-24,1.19,1.33,1.17,1.33,1.33,55600,55600,0.14,11.765,1.27667,"March 24, 20",0.11765
2020-03-23,1.24,1.24,1.13,1.18,1.18,55600,55600,-0.06,-4.839,1.18333,"March 23, 20",-0.04839
2020-03-20,5.65,5.9,5.3,5.85,5.85,10940,10940,0.04,3.54,1.13667,"March 20, 20",0.0354
2020-03-19,1.14,1.17,1.12,1.17,1.17,49300,49300,0.03,2.632,1.15333,"March 19, 20",0.02632
2020-03-18,1.23,1.25,1.12,1.21,1.21,55900,55900,-0.02,-1.626,1.19333,"March 18, 20",-0.01626
2020-03-17,1.3,1.3,1.19,1.25,1.25,45300,45300,-0.05,-3.846,1.24667,"March 17, 20",-0.03846
2020-03-16,1.3,1.3,1.14,1.29,1.29,49100,49100,-0.01,-0.769,1.24333,"March 16, 20",-0.00769
2020-03-13,6.75,6.9,6.4,6.7,6.7,10120,10120,-0.01,-0.741,1.33333,"March 13, 20",-0.00741
2020-03-12,1.38,1.41,1.31,1.35,1.35,62300,62300,-0.03,-2.174,1.35667,"March 12, 20",-0.02174
2020-03-11,1.46,1.47,1.39,1.46,1.46,66800,66800,0,0,1.44,"March 11, 20",0
2020-03-10,7.3,7.5,7.05,7.3,7.3,15120,15120,0,0,1.45667,"March 10, 20",0
2020-03-09,1.67,1.67,1.38,1.52,1.52,78600,78600,-0.15,-8.982,1.52333,"March 09, 20",-0.08982
2020-03-06,1.96,1.96,1.67,1.67,1.67,88900,88900,-0.29,-14.796,1.76667,"March 06, 20",-0.14796
2020-03-05,1.98,2.03,1.94,1.96,1.96,89100,89100,-0.02,-1.01,1.97667,"March 05, 20",-0.0101
2020-03-04,2.07,2.12,2.03,2.06,2.06,102900,102900,-0.01,-0.483,2.07,"March 04, 20",-0.00483
2020-03-03,10.5,10.9,10.25,10.25,10.25,18120,18120,-0.05,-2.381,2.09333,"March 03, 20",-0.02381
2020-03-02,1.98,2.19,1.98,2.06,2.06,95400,95400,0.08,4.04,2.07667,"March 02, 20",0.0404
2020-02-28,2.05,2.06,1.96,2.04,2.04,97500,97500,-0.01,-0.488,2.02,"February 28, 20",-0.00488
2020-02-27,11,11.5,10.4,10.4,10.4,17820,17820,-0.12,-5.455,2.15333,"February 27, 20",-0.05455
2020-02-26,2.15,2.22,2.15,2.2,2.2,62800,62800,0.05,2.326,2.19,"February 26, 20",0.02326
2020-02-25,2.3,2.35,2.15,2.18,2.18,64500,64500,-0.12,-5.217,2.22667,"February 25, 20",-0.05217
2020-02-24,2.3,2.43,2.28,2.28,2.28,103300,103300,-0.02,-0.87,2.33,"February 24, 20",-0.0087
2020-02-21,2.43,2.5,2.32,2.46,2.46,104400,104400,0.03,1.235,2.42667,"February 21, 20",0.01235
2020-02-20,12.5,13.25,11.9,12.45,12.45,21060,21060,-0.01,-0.4,2.50667,"February 20, 20",-0.004
2020-02-19,2.44,2.76,2.4,2.58,2.58,110200,110200,0.14,5.738,2.58,"February 19, 20",0.05738
2020-02-18,2.35,2.58,2.11,2.58,2.58,160600,160600,0.23,9.787,2.42333,"February 18, 20",0.09787
2020-02-14,11.3,11.85,11.15,11.85,11.85,22920,22920,0.11,4.867,2.32333,"February 14, 20",0.04867
2020-02-13,2.11,2.3,2.11,2.29,2.29,104200,104200,0.18,8.531,2.23333,"February 13, 20",0.08531
2020-02-12,2.18,2.19,2.13,2.19,2.19,103500,103500,0.01,0.459,2.17,"February 12, 20",0.00459
2020-02-11,2.19,2.24,2.15,2.18,2.18,93600,93600,-0.01,-0.457,2.19,"February 11, 20",-0.00457
2020-02-10,2.3,2.3,2.17,2.24,2.24,90600,90600,-0.06,-2.609,2.23667,"February 10, 20",-0.02609
2020-02-07,11.25,11.4,11.2,11.25,11.25,12800,12800,0,0,2.25667,"February 07, 20",0
2020-02-06,2.26,2.3,2.24,2.28,2.28,63500,63500,0.02,0.885,2.27333,"February 06, 20",0.00885
2020-02-05,2.3,2.41,2.26,2.26,2.26,63600,63600,-0.04,-1.739,2.31,"February 05, 20",-0.01739
2020-02-04,12.35,12.35,11,11.5,11.5,19500,19500,-0.17,-6.883,2.32333,"February 04, 20",-0.06883
2020-02-03,2.52,2.52,2.34,2.46,2.46,70100,70100,-0.06,-2.381,2.44,"February 03, 20",-0.02381
2020-01-31,2.23,2.44,2.23,2.44,2.44,71200,71200,0.21,9.417,2.37,"January 31, 20",0.09417
2020-01-30,2.34,2.34,2.21,2.29,2.29,62700,62700,-0.05,-2.137,2.28,"January 30, 20",-0.02137
2020-01-29,2.4,2.42,2.23,2.23,2.23,64700,64700,-0.17,-7.083,2.29333,"January 29, 20",-0.07083
2020-01-28,12.25,12.25,11.25,12.1,12.1,13460,13460,-0.03,-1.224,2.37333,"January 28, 20",-0.01224
2020-01-27,2.5,2.5,2.34,2.38,2.38,66100,66100,-0.12,-4.8,2.40667,"January 27, 20",-0.048
2020-01-24,2.65,2.68,2.47,2.55,2.55,70700,70700,-0.1,-3.774,2.56667,"January 24, 20",-0.03774
2020-01-23,12.75,13.3,12.7,13.3,13.3,16800,16800,0.11,4.314,2.62,"January 23, 20",0.04314
2020-01-22,2.56,2.73,2.5,2.73,2.73,66600,66600,0.17,6.641,2.65333,"January 22, 20",0.06641
2020-01-21,2.79,2.79,2.55,2.55,2.55,55300,55300,-0.24,-8.602,2.63,"January 21, 20",-0.08602
2020-01-17,2.71,2.77,2.61,2.77,2.77,64600,64600,0.06,2.214,2.71667,"January 17, 20",0.02214
2020-01-16,2.8,2.8,2.69,2.74,2.74,50200,50200,-0.06,-2.143,2.74333,"January 16, 20",-0.02143
2020-01-15,13.25,14.25,12.85,14.05,14.05,7480,7480,0.16,6.038,2.74333,"January 15, 20",0.06038
2020-01-14,2.72,2.78,2.64,2.68,2.68,28800,28800,-0.04,-1.471,2.7,"January 14, 20",-0.01471
2020-01-13,2.73,2.92,2.73,2.78,2.78,41200,41200,0.05,1.832,2.81,"January 13, 20",0.01832
2020-01-10,14.15,14.15,13.5,13.6,13.6,4860,4860,-0.11,-3.887,2.75,"January 10, 20",-0.03887
2020-01-09,2.55,2.94,2.48,2.82,2.82,76300,76300,0.27,10.588,2.74667,"January 09, 20",0.10588
2020-01-08,2.52,2.58,2.5,2.53,2.53,26500,26500,0.01,0.397,2.53667,"January 08, 20",0.00397
2020-01-07,2.55,2.66,2.51,2.53,2.53,22400,22400,-0.02,-0.784,2.56667,"January 07, 20",-0.00784
2020-01-06,2.86,2.87,2.35,2.67,2.67,60900,60900,-0.19,-6.643,2.63,"January 06, 20",-0.06643
2020-01-03,14.3,14.4,14.25,14.3,14.3,3420,3420,0,0,2.86333,"January 03, 20",0
2020-01-02,3.09,3.14,2.88,2.95,2.95,61900,61900,-0.14,-4.531,2.99,"January 02, 20",-0.04531
2019-12-31,3.1,3.17,3.05,3.11,3.11,60300,60300,0.01,0.323,3.11,"December 31, 19",0.00323
2019-12-30,15.55,15.8,15,15.3,15.3,4240,4240,-0.05,-1.608,3.07333,"December 30, 19",-0.01608
2019-12-27,3.28,3.5,2.85,2.99,2.99,87600,87600,-0.29,-8.841,3.11333,"December 27, 19",-0.08841
2019-12-26,3.18,3.5,3.04,3.44,3.44,96100,96100,0.26,8.176,3.32667,"December 26, 19",0.08176
2019-12-24,2.85,3.03,2.85,3.03,3.03,14200,14200,0.18,6.316,2.97,"December 24, 19",0.06316
2019-12-23,2.85,2.89,2.77,2.88,2.88,38600,38600,0.03,1.053,2.84667,"December 23, 19",0.01053
2019-12-20,15,15,14.05,14.4,14.4,6900,6900,-0.12,-4,2.89667,"December 20, 19",-0.04
2019-12-19,2.91,2.91,2.75,2.88,2.88,37300,37300,-0.03,-1.031,2.84667,"December 19, 19",-0.01031
2019-12-18,2.85,2.85,2.71,2.8,2.8,23300,23300,-0.05,-1.754,2.78667,"December 18, 19",-0.01754
2019-12-17,14.2,14.55,13.45,14.25,14.25,26680,26680,0.01,0.352,2.81667,"December 17, 19",0.00352
2019-12-16,3.09,3.11,2.97,2.97,2.97,45400,45400,-0.12,-3.883,3.01667,"December 16, 19",-0.03883
2019-12-13,3.25,3.25,2.98,3.1,3.1,43700,43700,-0.15,-4.615,3.11,"December 13, 19",-0.04615
2019-12-12,3.39,3.4,3.05,3.25,3.25,59100,59100,-0.14,-4.13,3.23333,"December 12, 19",-0.0413
2019-12-11,3.41,3.41,2.82,3.4,3.4,87100,87100,-0.01,-0.293,3.21,"December 11, 19",-0.00293
2019-12-10,18.950001,18.950001,16.049999,16.65,16.65,15760,15760,-0.46,-12.137,3.44333,"December 10, 19",-0.12137
2019-12-09,4.33,4.33,3.79,3.84,3.84,45200,45200,-0.49,-11.316,3.98667,"December 09, 19",-0.11316
2019-12-06,4.55,4.55,4.02,4.33,4.33,26500,26500,-0.22,-4.835,4.3,"December 06, 19",-0.04835
2019-12-05,24.299999,24.299999,22.25,22.299999,22.299999,4680,4680,-0.4,-8.23,4.59,"December 05, 19",-0.0823
2019-12-04,5.01,5.06,4.48,4.97,4.97,33000,33000,-0.04,-0.798,4.83667,"December 04, 19",-0.00798
2019-12-03,5.33,5.33,5.05,5.06,5.06,13600,13600,-0.27,-5.066,5.14667,"December 03, 19",-0.05066
2019-12-02,5.66,5.73,5.25,5.29,5.29,23700,23700,-0.37,-6.537,5.42333,"December 02, 19",-0.06537
2019-11-29,6,6,5.38,5.95,5.95,46200,46200,-0.05,-0.833,5.77667,"November 29, 19",-0.00833
2019-11-27,29,30.4,27.450001,30.4,30.4,26240,26240,0.28,4.828,5.88333,"November 27, 19",0.04828
2019-11-26,6.05,6.05,5.45,5.99,5.99,86400,86400,-0.06,-0.992,5.83,"November 26, 19",-0.00992
2019-11-25,6.15,6.15,5.44,5.5,5.5,96600,96600,-0.65,-10.569,5.69667,"November 25, 19",-0.10569
2019-11-22,31.5,32,30.450001,30.5,30.5,5540,5540,-0.2,-3.175,6.19667,"November 22, 19",-0.03175
2019-11-21,6.15,6.4,5.94,6.4,6.4,20400,20400,0.25,4.065,6.24667,"November 21, 19",0.04065
2019-11-20,6,6,6,6,6,2400,2400,0,0,6,"November 20, 19",0
2019-11-19,6.06,6.11,6.03,6.04,6.04,17100,17100,-0.02,-0.33,6.06,"November 19, 19",-0.0033
2019-11-18,6.07,6.22,6.07,6.17,6.17,25200,25200,0.1,1.647,6.15333,"November 18, 19",0.01647
2019-11-15,30.35,30.9,30,30.200001,30.200001,3400,3400,-0.03,-0.494,6.07333,"November 15, 19",-0.00494
2019-11-14,6.05,6.08,6.04,6.06,6.06,22600,22600,0.01,0.165,6.06,"November 14, 19",0.00165
2019-11-13,6,6.13,5.95,6.13,6.13,25800,25800,0.13,2.167,6.07,"November 13, 19",0.02167
2019-11-12,30.049999,30.15,29.75,30.15,30.15,3420,3420,0.02,0.333,6.00333,"November 12, 19",0.00333
2019-11-11,6.2,6.2,6,6,6,3500,3500,-0.2,-3.226,6.06667,"November 11, 19",-0.03226
2019-11-08,6.4,6.4,6.4,6.4,6.4,600,600,0,0,6.4,"November 08, 19",0
2019-11-07,6.41,6.41,6.41,6.41,6.41,100,100,0,0,6.41,"November 07, 19",0
2019-11-06,6.44,6.44,6.44,6.44,6.44,600,600,0,0,6.44,"November 06, 19",0
2019-11-05,31.5,31.5,31.5,31.5,31.5,20,20,0,0,6.3,"November 05, 19",0
2019-11-04,6.46,6.46,6.46,6.46,6.46,200,200,0,0,6.46,"November 04, 19",0
2019-11-01,6.36,6.36,6.36,6.36,6.36,100,100,0,0,6.36,"November 01, 19",0
2019-10-31,31.799999,31.799999,31.799999,31.799999,31.799999,40,40,0,0,6.36,"October 31, 19",0
2019-10-30,6.46,6.46,6.46,6.46,6.46,100,100,0,0,6.46,"October 30, 19",0
2019-10-29,6.46,6.46,6.46,6.46,6.46,,,0,0,6.42333,"October 29, 19",0
2019-10-28,6.42,6.5,6.31,6.46,6.46,6300,6300,0.04,0.623,6.42333,"October 28, 19",0.00623
2019-10-25,6.27,6.46,6.27,6.42,6.42,11100,11100,0.15,2.392,6.38333,"October 25, 19",0.02392
2019-10-24,30.5,31.5,30.35,31.5,31.5,1880,1880,0.2,3.279,6.22333,"October 24, 19",0.03279
2019-10-23,6.12,6.12,6.12,6.12,6.12,,,0,0,6.08,"October 23, 19",0
2019-10-22,6.12,6.12,6.12,6.12,6.12,,,0,0,6.08,"October 22, 19",0
2019-10-21,30,30.6,30,30.6,30.6,160,160,0.12,2,6.08,"October 21, 19",0.02
2019-10-18,6.26,6.26,6.26,6.26,6.26,,,0,0,6.26,"October 18, 19",0
2019-10-17,6.26,6.26,6.26,6.26,6.26,100,100,0,0,6.26,"October 17, 19",0
2019-10-16,6.26,6.26,6.26,6.26,6.26,100,100,0,0,6.26,"October 16, 19",0
2019-10-15,6.26,6.26,6.26,6.26,6.26,,,0,0,6.19667,"October 15, 19",0
2019-10-14,30.35,31.299999,30.35,31.299999,31.299999,140,140,0.19,3.13,6.19667,"October 14, 19",0.0313
2019-10-11,6.03,6.05,6.03,6.05,6.05,700,700,0.02,0.332,6.04333,"October 11, 19",0.00332
2019-10-10,6,6.11,6,6.03,6.03,2500,2500,0.03,0.5,6.04667,"October 10, 19",0.005
2019-10-09,30.799999,30.799999,30,30,30,460,460,-0.16,-2.597,6.05333,"October 09, 19",-0.02597
2019-10-08,6.08,6.08,6.05,6.05,6.05,1300,1300,-0.03,-0.493,6.06,"October 08, 19",-0.00493
2019-10-07,6.12,6.12,6.05,6.05,6.05,500,500,-0.07,-1.144,6.07333,"October 07, 19",-0.01144
2019-10-04,6.25,6.25,6.25,6.25,6.25,100,100,0,0,6.25,"October 04, 19",0
2019-10-03,6.05,6.25,6.05,6.25,6.25,2200,2200,0.2,3.306,6.18333,"October 03, 19",0.03306
2019-10-02,30.25,30.25,30.25,30.25,30.25,20,20,0,0,6.05,"October 02, 19",0
2019-10-01,6.12,6.12,6.12,6.12,6.12,100,100,0,0,6.12,"October 01, 19",0
2019-09-30,6.1,6.1,6.1,6.1,6.1,100,100,0,0,6.1,"September 30, 19",0
2019-09-27,30.5,30.5,30.5,30.5,30.5,80,80,0,0,6.1,"September 27, 19",0
2019-09-26,6.15,6.15,6.15,6.15,6.15,100,100,0,0,6.15,"September 26, 19",0
2019-09-25,6.15,6.15,6.15,6.15,6.15,100,100,0,0,6.15,"September 25, 19",0
2019-09-24,6.32,6.32,6.15,6.15,6.15,700,700,-0.17,-2.69,6.20667,"September 24, 19",-0.0269
2019-09-23,6.31,6.31,6.31,6.31,6.31,400,400,0,0,6.31,"September 23, 19",0
2019-09-20,31.25,31.25,31.25,31.25,31.25,40,40,0,0,6.25,"September 20, 19",0
2019-09-19,6.5,6.5,6.35,6.35,6.35,500,500,-0.15,-2.308,6.4,"September 19, 19",-0.02308
2019-09-18,6.4,6.4,6.39,6.4,6.4,600,600,0,0,6.39667,"September 18, 19",0
2019-09-17,30.5,32,30.5,32,32,260,260,0.3,4.918,6.3,"September 17, 19",0.04918
2019-09-16,6.15,6.15,6.15,6.15,6.15,400,400,0,0,6.15,"September 16, 19",0
2019-09-13,6.17,6.17,6.17,6.17,6.17,100,100,0,0,6.17,"September 13, 19",0
2019-09-12,6.2,6.22,6.2,6.22,6.22,300,300,0.02,0.323,6.21333,"September 12, 19",0.00323
2019-09-11,6.16,6.25,6.11,6.11,6.11,4000,4000,-0.05,-0.812,6.15667,"September 11, 19",-0.00812
2019-09-10,32.549999,32.549999,30.35,30.35,30.35,440,440,-0.44,-6.759,6.21667,"September 10, 19",-0.06759
2019-09-09,6.5,6.5,6.5,6.5,6.5,100,100,0,0,6.5,"September 09, 19",0
2019-09-06,6.5,6.5,6.5,6.5,6.5,200,200,0,0,6.5,"September 06, 19",0
2019-09-05,32.700001,32.700001,32.700001,32.700001,32.700001,20,20,0,0,6.54,"September 05, 19",0
2019-09-04,6.62,6.62,6.62,6.62,6.62,,,0,0,6.64667,"September 04, 19",0
2019-09-03,6.7,6.7,6.62,6.62,6.62,800,800,-0.08,-1.194,6.64667,"September 03, 19",-0.01194
2019-08-30,6.7,6.7,6.7,6.7,6.7,,,0,0,6.70667,"August 30, 19",0
2019-08-29,6.72,6.72,6.7,6.7,6.7,200,200,-0.02,-0.298,6.70667,"August 29, 19",-0.00298
2019-08-28,33.599998,33.599998,33.599998,33.599998,33.599998,40,40,0,0,6.72,"August 28, 19",0
2019-08-27,6.9,6.9,6.8,6.8,6.8,1700,1700,-0.1,-1.449,6.83333,"August 27, 19",-0.01449
2019-08-26,6.9,6.9,6.9,6.9,6.9,,,0,0,6.90333,"August 26, 19",0
2019-08-23,34.5,34.5,34.5,34.5,34.5,,,0,0,6.90333,"August 23, 19",0
2019-08-22,6.91,6.91,6.9,6.9,6.9,4600,4600,-0.01,-0.145,6.90333,"August 22, 19",-0.00145
2019-08-21,7.2,7.2,6.89,6.89,6.89,15500,15500,-0.31,-4.306,6.99333,"August 21, 19",-0.04306
2019-08-20,7.2,7.2,7.2,7.2,7.2,,,0,0,7.21333,"August 20, 19",0
2019-08-19,7.2,7.24,7.2,7.2,7.2,700,700,0,0,7.21333,"August 19, 19",0
2019-08-16,36,36,35.950001,36,36,100,100,0,0,7.19667,"August 16, 19",0
2019-08-15,7.21,7.21,7.2,7.2,7.2,1500,1500,-0.01,-0.139,7.20333,"August 15, 19",-0.00139
2019-08-14,7.21,7.21,7.2,7.2,7.2,1500,1500,-0.01,-0.139,7.20333,"August 14, 19",-0.00139
2019-08-13,36.200001,36.5,36.200001,36.5,36.5,60,60,0.06,0.829,7.28,"August 13, 19",0.00829
2019-08-12,7.27,7.3,7.27,7.3,7.3,1000,1000,0.03,0.413,7.29,"August 12, 19",0.00413
2019-08-09,7.5,7.54,7.45,7.45,7.45,2300,2300,-0.05,-0.667,7.48,"August 09, 19",-0.00667
2019-08-08,7.53,7.53,7.53,7.53,7.53,,,0,0,7.56,"August 08, 19",0
2019-08-07,7.6,7.62,7.53,7.53,7.53,2800,2800,-0.07,-0.921,7.56,"August 07, 19",-0.00921
2019-08-06,39,39,38.150002,38.150002,38.150002,480,480,-0.17,-2.179,7.68667,"August 06, 19",-0.02179
2019-08-05,8,8,7.9,7.9,7.9,3800,3800,-0.1,-1.25,7.93333,"August 05, 19",-0.0125
2019-08-02,8.08,8.08,8.08,8.08,8.08,100,100,0,0,8.08,"August 02, 19",0
2019-08-01,40.950001,40.950001,40,40.5,40.5,280,280,-0.09,-1.099,8.09667,"August 01, 19",-0.01099
2019-07-31,8.21,8.26,8.2,8.2,8.2,700,700,-0.01,-0.122,8.22,"July 31, 19",-0.00122
2019-07-30,8.29,8.29,8.29,8.29,8.29,100,100,0,0,8.29,"July 30, 19",0
2019-07-29,8.25,8.25,8.25,8.25,8.25,300,300,0,0,8.25,"July 29, 19",0
2019-07-26,8.25,8.25,8.25,8.25,8.25,900,900,0,0,8.25,"July 26, 19",0
2019-07-25,41.25,41.25,41.25,41.25,41.25,20,20,0,0,8.25,"July 25, 19",0
2019-07-24,8.15,8.32,8.15,8.26,8.26,1000,1000,0.11,1.35,8.24333,"July 24, 19",0.0135
2019-07-23,8.55,8.57,8.35,8.35,8.35,2000,2000,-0.2,-2.339,8.42333,"July 23, 19",-0.02339
2019-07-22,41.349998,41.950001,41.349998,41.900002,41.900002,120,120,0.11,1.33,8.34667,"July 22, 19",0.0133
2019-07-19,8.57,8.57,8.27,8.43,8.43,2200,2200,-0.14,-1.634,8.42333,"July 19, 19",-0.01634
2019-07-18,8.4,8.55,8.4,8.55,8.55,1200,1200,0.15,1.786,8.5,"July 18, 19",0.01786
2019-07-17,8.55,8.55,8.55,8.55,8.55,100,100,0,0,8.55,"July 17, 19",0
2019-07-16,8.55,8.56,8.55,8.55,8.55,800,800,0,0,8.55333,"July 16, 19",0
2019-07-15,42.200001,42.200001,42.200001,42.200001,42.200001,60,60,0,0,8.44,"July 15, 19",0
2019-07-12,8.73,8.76,8.61,8.61,8.61,1500,1500,-0.12,-1.375,8.66,"July 12, 19",-0.01375
2019-07-11,8.75,8.76,8.75,8.75,8.75,600,600,0,0,8.75333,"July 11, 19",0
2019-07-10,43.75,43.849998,43.75,43.75,43.75,340,340,0,0,8.75667,"July 10, 19",0
2019-07-09,8.77,8.77,8.75,8.75,8.75,700,700,-0.02,-0.228,8.75667,"July 09, 19",-0.00228
2019-07-08,8.82,8.82,8.8,8.8,8.8,1000,1000,-0.02,-0.227,8.80667,"July 08, 19",-0.00227
2019-07-05,8.96,8.96,8.89,8.89,8.89,500,500,-0.07,-0.781,8.91333,"July 05, 19",-0.00781
2019-07-03,9.1,9.12,9.03,9.03,9.03,1200,1200,-0.07,-0.769,9.06,"July 03, 19",-0.00769
2019-07-02,45.349998,45.650002,44.849998,44.900002,44.900002,120,120,-0.09,-0.992,9.02667,"July 02, 19",-0.00992
2019-07-01,8.96,8.96,8.8,8.95,8.95,2000,2000,-0.01,-0.112,8.90333,"July 01, 19",-0.00112
2019-06-28,9.05,9.05,8.99,9,9,4000,4000,-0.05,-0.552,9.01333,"June 28, 19",-0.00552
2019-06-27,45.25,45.25,45.25,45.25,45.25,120,120,0,0,9.05,"June 27, 19",0
2019-06-26,9.27,9.27,9.09,9.09,9.09,400,400,-0.18,-1.942,9.15,"June 26, 19",-0.01942
2019-06-25,9.09,9.09,9.08,9.08,9.08,400,400,-0.01,-0.11,9.08333,"June 25, 19",-0.0011
2019-06-24,9.15,9.15,9.1,9.1,9.1,800,800,-0.05,-0.546,9.11667,"June 24, 19",-0.00546
2019-06-21,9.2,9.2,9.1,9.14,9.14,5800,5800,-0.06,-0.652,9.14667,"June 21, 19",-0.00652
2019-06-20,47.400002,47.5,46.549999,47.5,47.5,240,240,0.02,0.211,9.43667,"June 20, 19",0.00211
2019-06-19,9.29,9.53,9.29,9.53,9.53,700,700,0.24,2.583,9.45,"June 19, 19",0.02583
2019-06-18,9.29,9.3,9.23,9.29,9.29,800,800,0,0,9.27333,"June 18, 19",0
2019-06-17,46.5,46.5,46.450001,46.450001,46.450001,620,620,-0.01,-0.108,9.29333,"June 17, 19",-0.00108
2019-06-14,9.3,9.3,9.3,9.3,9.3,100,100,0,0,9.3,"June 14, 19",0
2019-06-13,9.12,9.33,9.12,9.33,9.33,600,600,0.21,2.303,9.26,"June 13, 19",0.02303
2019-06-12,9.55,9.55,9.32,9.32,9.32,400,400,-0.23,-2.408,9.39667,"June 12, 19",-0.02408
2019-06-11,9.55,9.55,9.55,9.55,9.55,400,400,0,0,9.55,"June 11, 19",0
2019-06-10,48.299999,48.299999,47.700001,47.75,47.75,320,320,-0.11,-1.139,9.58333,"June 10, 19",-0.01139
2019-06-07,9.6,9.6,9.38,9.38,9.38,800,800,-0.22,-2.292,9.45333,"June 07, 19",-0.02292
2019-06-06,9.56,9.6,9.55,9.6,9.6,1500,1500,0.04,0.418,9.58333,"June 06, 19",0.00418
2019-06-05,47.849998,47.849998,47.849998,47.849998,47.849998,20,20,0,0,9.57,"June 05, 19",0
2019-06-04,9.57,9.75,9.57,9.75,9.75,1800,1800,0.18,1.881,9.69,"June 04, 19",0.01881
2019-06-03,9.62,9.62,9.55,9.62,9.62,1200,1200,0,0,9.59667,"June 03, 19",0
2019-05-31,9.4,9.55,9.4,9.55,9.55,5100,5100,0.15,1.596,9.5,"May 31, 19",0.01596
2019-05-30,9.12,9.12,9.12,9.12,9.12,100,100,0,0,9.12,"May 30, 19",0
2019-05-29,46.549999,46.549999,46.5,46.5,46.5,100,100,-0.01,-0.107,9.30333,"May 29, 19",-0.00107
2019-05-28,9.43,9.43,9.3,9.32,9.32,1000,1000,-0.11,-1.166,9.35,"May 28, 19",-0.01166
2019-05-24,9.6,9.6,9.5,9.5,9.5,500,500,-0.1,-1.042,9.53333,"May 24, 19",-0.01042
2019-05-23,47,47.25,46.75,47.25,47.25,160,160,0.05,0.532,9.41667,"May 23, 19",0.00532
2019-05-22,9.43,9.43,9.36,9.36,9.36,400,400,-0.07,-0.742,9.38333,"May 22, 19",-0.00742
2019-05-21,9.35,9.5,9.35,9.5,9.5,800,800,0.15,1.604,9.45,"May 21, 19",0.01604
2019-05-20,9.68,9.68,9.32,9.38,9.38,6900,6900,-0.3,-3.099,9.46,"May 20, 19",-0.03099
2019-05-17,9.84,9.86,9.81,9.82,9.82,1400,1400,-0.02,-0.203,9.83,"May 17, 19",-0.00203
2019-05-16,49.099998,49.900002,49.099998,49.799999,49.799999,500,500,0.14,1.426,9.92,"May 16, 19",0.01426
2019-05-15,10.2,10.2,9.76,9.76,9.76,1400,1400,-0.44,-4.314,9.90667,"May 15, 19",-0.04314
2019-05-14,9.85,9.85,9.85,9.85,9.85,200,200,0,0,9.85,"May 14, 19",0
2019-05-13,50.099998,50.099998,48.75,48.849998,48.849998,140,140,-0.25,-2.495,9.84667,"May 13, 19",-0.02495
2019-05-10,9.93,9.93,9.93,9.93,9.93,200,200,0,0,9.93,"May 10, 19",0
2019-05-09,9.89,9.89,9.81,9.81,9.81,500,500,-0.08,-0.809,9.83667,"May 09, 19",-0.00809
2019-05-08,9.85,9.85,9.85,9.85,9.85,100,100,0,0,9.85,"May 08, 19",0
2019-05-07,9.9,10.04,9.9,9.9,9.9,1000,1000,0,0,9.94667,"May 07, 19",0
2019-05-06,49.5,49.950001,49.5,49.5,49.5,380,380,0,0,9.93,"May 06, 19",0
2019-05-03,10.05,10.05,9.79,10,10,5300,5300,-0.05,-0.498,9.94667,"May 03, 19",-0.00498
2019-05-02,10.11,10.11,10.05,10.05,10.05,300,300,-0.06,-0.593,10.07,"May 02, 19",-0.00593
2019-05-01,50.599998,50.599998,50.5,50.5,50.5,40,40,-0.02,-0.198,10.10667,"May 01, 19",-0.00198
2019-04-30,10.08,10.08,10,10,10,3000,3000,-0.08,-0.794,10.02667,"April 30, 19",-0.00794
2019-04-29,10.02,10.02,9.9,9.9,9.9,2400,2400,-0.12,-1.198,9.94,"April 29, 19",-0.01198
2019-04-26,10.06,10.06,10,10.02,10.02,1400,1400,-0.04,-0.398,10.02667,"April 26, 19",-0.00398
2019-04-25,10.14,10.2,10,10,10,1600,1600,-0.14,-1.381,10.06667,"April 25, 19",-0.01381
2019-04-24,50,50.299999,50,50,50,160,160,0,0,10.02,"April 24, 19",0
2019-04-23,10,10.14,9.91,10.08,10.08,1500,1500,0.08,0.8,10.04333,"April 23, 19",0.008
2019-04-22,10.1,10.17,10.03,10.03,10.03,1000,1000,-0.07,-0.693,10.07667,"April 22, 19",-0.00693
2019-04-18,49.400002,50.700001,49,50.700001,50.700001,920,920,0.26,2.632,10.02667,"April 18, 19",0.02632
2019-04-17,9.91,9.91,9.9,9.9,9.9,1000,1000,-0.01,-0.101,9.90333,"April 17, 19",-0.00101
2019-04-16,9.9,9.93,9.9,9.9,9.9,4200,4200,0,0,9.91,"April 16, 19",0
2019-04-15,10,10.01,9.9,9.92,9.92,2500,2500,-0.08,-0.8,9.94333,"April 15, 19",-0.008
2019-04-12,10,10,9.95,10,10,8500,8500,0,0,9.98333,"April 12, 19",0
2019-04-11,50.5,50.5,50,50,50,2140,2140,-0.1,-0.99,10.03333,"April 11, 19",-0.0099
2019-04-10,10.19,10.19,10.08,10.1,10.1,7700,7700,-0.09,-0.883,10.12333,"April 10, 19",-0.00883
2019-04-09,10.3,10.32,10.1,10.3,10.3,13200,13200,0,0,10.24,"April 09, 19",0
2019-04-08,51.5,51.5,50.5,50.5,50.5,1840,1840,-0.2,-1.942,10.16667,"April 08, 19",-0.01942
2019-04-05,10.28,10.28,9.97,10,10,9400,9400,-0.28,-2.724,10.08333,"April 05, 19",-0.02724
2019-04-04,10.6,10.65,10.1,10.1,10.1,10000,10000,-0.5,-4.717,10.28333,"April 04, 19",-0.04717
2019-04-03,11.47,11.47,10.7,10.7,10.7,4700,4700,-0.77,-6.713,10.95667,"April 03, 19",-0.06713
2019-04-02,11.3,11.36,11.21,11.23,11.23,3000,3000,-0.07,-0.619,11.26667,"April 02, 19",-0.00619
2019-04-01,58.150002,58.150002,56.25,57.099998,57.099998,480,480,-0.21,-1.806,11.43333,"April 01, 19",-0.01806
2019-03-29,11.58,11.58,11.38,11.56,11.56,4200,4200,-0.02,-0.173,11.50667,"March 29, 19",-0.00173
2019-03-28,11.6,11.6,11.3,11.36,11.36,3700,3700,-0.24,-2.069,11.42,"March 28, 19",-0.02069
2019-03-27,60,60.25,57.5,58.5,58.5,1700,1700,-0.3,-2.5,11.75,"March 27, 19",-0.025
2019-03-26,11.51,11.55,11.51,11.51,11.51,1800,1800,0,0,11.52333,"March 26, 19",0
2019-03-25,11.56,11.57,11.56,11.57,11.57,800,800,0.01,0.087,11.56667,"March 25, 19",0.00087
2019-03-22,11.76,11.76,11.6,11.6,11.6,600,600,-0.16,-1.361,11.65333,"March 22, 19",-0.01361
2019-03-21,11.62,11.62,11.51,11.51,11.51,1400,1400,-0.11,-0.947,11.54667,"March 21, 19",-0.00947
2019-03-20,58.849998,58.849998,58.849998,58.849998,58.849998,20,20,0,0,11.77,"March 20, 19",0
2019-03-19,11.8,12,11.7,11.77,11.77,2700,2700,-0.03,-0.254,11.82333,"March 19, 19",-0.00254
2019-03-18,12.07,12.07,11.81,11.81,11.81,900,900,-0.26,-2.154,11.89667,"March 18, 19",-0.02154
2019-03-15,60.200001,60.200001,59,59,59,200,200,-0.24,-1.993,11.88,"March 15, 19",-0.01993
2019-03-14,11.81,11.91,11.81,11.84,11.84,1500,1500,0.03,0.254,11.85333,"March 14, 19",0.00254
2019-03-13,11.86,12,11.8,11.84,11.84,3500,3500,-0.02,-0.169,11.88,"March 13, 19",-0.00169
2019-03-12,12,12,11.8,11.9,11.9,2700,2700,-0.1,-0.833,11.9,"March 12, 19",-0.00833
2019-03-11,11.85,12.24,11.81,12.08,12.08,2800,2800,0.23,1.941,12.04333,"March 11, 19",0.01941
2019-03-08,59,59.25,59,59.25,59.25,160,160,0.05,0.424,11.83333,"March 08, 19",0.00424
2019-03-07,11.81,12,11.8,12,12,5400,5400,0.19,1.609,11.93333,"March 07, 19",0.01609
2019-03-06,11.92,12.33,11.89,12,12,7300,7300,0.08,0.671,12.07333,"March 06, 19",0.00671
2019-03-05,61.049999,61.049999,59.75,59.75,59.75,460,460,-0.26,-2.129,12.03667,"March 05, 19",-0.02129
2019-03-04,12.13,12.13,11.97,11.97,11.97,1600,1600,-0.16,-1.319,12.02333,"March 04, 19",-0.01319
2019-03-01,11.9,11.98,11.8,11.9,11.9,2500,2500,0,0,11.89333,"March 01, 19",0
2019-02-28,12.02,12.02,11.6,11.6,11.6,3300,3300,-0.42,-3.494,11.74,"February 28, 19",-0.03494
2019-02-27,12.18,12.18,11.68,11.97,11.97,6200,6200,-0.21,-1.724,11.94333,"February 27, 19",-0.01724
2019-02-26,61.400002,61.450001,59.900002,59.900002,59.900002,800,800,-0.3,-2.443,12.08333,"February 26, 19",-0.02443
2019-02-25,12.46,13.23,12.26,12.28,12.28,10200,10200,-0.18,-1.445,12.59,"February 25, 19",-0.01445
2019-02-22,12.6,12.6,12.22,12.22,12.22,18000,18000,-0.38,-3.016,12.34667,"February 22, 19",-0.03016
2019-02-21,63.950001,63.950001,63,63,63,460,460,-0.19,-1.486,12.66333,"February 21, 19",-0.01486
2019-02-20,13,13.1,12.85,12.85,12.85,7300,7300,-0.15,-1.154,12.93333,"February 20, 19",-0.01154
2019-02-19,13.5,13.63,12.65,13,13,28600,28600,-0.5,-3.704,13.09333,"February 19, 19",-0.03704
2019-02-15,10.5,13.47,10.46,13.2,13.2,33000,33000,2.7,25.714,12.37667,"February 15, 19",0.25714
2019-02-14,10.66,10.68,10.44,10.51,10.51,1900,1900,-0.15,-1.407,10.54333,"February 14, 19",-0.01407
2019-02-13,50.25,53.400002,50.25,52.200001,52.200001,1580,1580,0.39,3.881,10.39,"February 13, 19",0.03881
2019-02-12,9.88,10.1,9.88,10.1,10.1,6000,6000,0.22,2.227,10.02667,"February 12, 19",0.02227
2019-02-11,9.82,9.82,9.82,9.82,9.82,,,0,0,9.78667,"February 11, 19",0
2019-02-08,48.599998,49.099998,48.599998,49.099998,49.099998,80,80,0.1,1.029,9.78667,"February 08, 19",0.01029
2019-02-07,9.92,9.94,9.9,9.92,9.92,3000,3000,0,0,9.92,"February 07, 19",0
2019-02-06,9.47,9.93,9.36,9.93,9.93,3600,3600,0.46,4.857,9.74,"February 06, 19",0.04857
2019-02-05,9.69,9.69,9.69,9.69,9.69,400,400,0,0,9.69,"February 05, 19",0
2019-02-04,9.54,9.55,9.54,9.55,9.55,300,300,0.01,0.105,9.54667,"February 04, 19",0.00105
2019-02-01,48.799999,49.75,48.799999,48.950001,48.950001,80,80,0.03,0.307,9.83333,"February 01, 19",0.00307
2019-01-31,9.73,9.76,9.73,9.75,9.75,400,400,0.02,0.206,9.74667,"January 31, 19",0.00206
2019-01-30,9.97,9.97,9.84,9.86,9.86,600,600,-0.11,-1.103,9.89,"January 30, 19",-0.01103
2019-01-29,48.75,48.75,48.75,48.75,48.75,160,160,0,0,9.75,"January 29, 19",0
2019-01-28,9.73,9.77,9.63,9.75,9.75,1600,1600,0.02,0.206,9.71667,"January 28, 19",0.00206
2019-01-25,9.65,10,9.65,9.98,9.98,6300,6300,0.33,3.42,9.87667,"January 25, 19",0.0342
2019-01-24,9.5,9.5,9.5,9.5,9.5,,,0,0,9.62,"January 24, 19",0
2019-01-23,9.88,9.88,9.48,9.5,9.5,2000,2000,-0.38,-3.846,9.62,"January 23, 19",-0.03846
2019-01-22,49,49,48.75,48.75,48.75,580,580,-0.05,-0.51,9.76667,"January 22, 19",-0.0051
2019-01-18,9.98,9.98,9.87,9.87,9.87,2900,2900,-0.11,-1.102,9.90667,"January 18, 19",-0.01102
2019-01-17,9.58,10,9.58,10,10,6300,6300,0.42,4.384,9.86,"January 17, 19",0.04384
2019-01-16,47.25,47.25,47.25,47.25,47.25,,,0,0,9.48,"January 16, 19",0
2019-01-15,9.54,9.54,9.45,9.45,9.45,1200,1200,-0.09,-0.943,9.48,"January 15, 19",-0.00943
2019-01-14,9.45,9.61,9.45,9.61,9.61,900,900,0.16,1.693,9.55667,"January 14, 19",0.01693
2019-01-11,9.45,9.45,9.45,9.45,9.45,400,400,0,0,9.45,"January 11, 19",0
2019-01-10,9.61,9.61,9.45,9.45,9.45,7300,7300,-0.16,-1.665,9.50333,"January 10, 19",-0.01665
2019-01-09,48.25,48.25,48,48,48,320,320,-0.05,-0.518,9.61667,"January 09, 19",-0.00518
2019-01-08,9.53,9.53,9.53,9.53,9.53,100,100,0,0,9.53,"January 08, 19",0
2019-01-07,9.56,9.72,9.53,9.53,9.53,600,600,-0.03,-0.314,9.59333,"January 07, 19",-0.00314
2019-01-04,47.25,49,46.799999,48.849998,48.849998,920,920,0.32,3.386,9.64333,"January 04, 19",0.03386
2019-01-03,9.34,9.34,9.22,9.32,9.32,1800,1800,-0.02,-0.214,9.29333,"January 03, 19",-0.00214
2019-01-02,9.25,9.26,9.16,9.21,9.21,2100,2100,-0.04,-0.432,9.21,"January 02, 19",-0.00432
2018-12-31,9.47,9.47,9.14,9.26,9.26,1900,1900,-0.21,-2.218,9.29,"December 31, 18",-0.02218
2018-12-28,9.51,9.51,9.34,9.34,9.34,2200,2200,-0.17,-1.788,9.39667,"December 28, 18",-0.01788
2018-12-27,49.049999,49.049999,46.700001,46.700001,46.700001,1580,1580,-0.47,-4.791,9.49667,"December 27, 18",-0.04791
2018-12-26,9.78,9.83,9.7,9.82,9.82,1600,1600,0.04,0.409,9.78333,"December 26, 18",0.00409
2018-12-24,9.82,9.84,9.82,9.82,9.82,600,600,0,0,9.82667,"December 24, 18",0
2018-12-21,49.5,49.799999,49.5,49.5,49.5,300,300,0,0,9.92,"December 21, 18",0
2018-12-20,9.97,10,9.9,9.9,9.9,1400,1400,-0.07,-0.702,9.93333,"December 20, 18",-0.00702
2018-12-19,10,10.09,9.9,9.92,9.92,7800,7800,-0.08,-0.8,9.97,"December 19, 18",-0.008
2018-12-18,10,10.03,9.9,9.91,9.91,1600,1600,-0.09,-0.9,9.94667,"December 18, 18",-0.009
2018-12-17,9.91,9.94,9.9,9.9,9.9,1900,1900,-0.01,-0.101,9.91333,"December 17, 18",-0.00101
2018-12-14,49.75,50.299999,49.549999,50.299999,50.299999,6340,6340,0.11,1.106,10.01,"December 14, 18",0.01106
2018-12-13,10,10.04,9.9,10,10,7600,7600,0,0,9.98,"December 13, 18",0
2018-12-12,10.04,10.16,10,10.07,10.07,5900,5900,0.03,0.299,10.07667,"December 12, 18",0.00299
2018-12-11,51,51,50,50,50,1160,1160,-0.2,-1.961,10.06667,"December 11, 18",-0.01961
2018-12-10,10,10.07,10,10.01,10.01,7100,7100,0.01,0.1,10.02667,"December 10, 18",0.001
2018-12-07,10.02,10.04,10,10.01,10.01,13800,13800,-0.01,-0.1,10.01667,"December 07, 18",-0.001
2018-12-06,9.9,10.05,9.9,10.02,10.02,41700,41700,0.12,1.212,9.99,"December 06, 18",0.01212
2018-12-04,10.16,10.2,10.03,10.12,10.12,1200,1200,-0.04,-0.394,10.11667,"December 04, 18",-0.00394
2018-12-03,51.900002,51.900002,49.5,51.049999,51.049999,8860,8860,-0.17,-1.638,10.16333,"December 03, 18",-0.01638
2018-11-30,9.9,10,9.9,10,10,8800,8800,0.1,1.01,9.96667,"November 30, 18",0.0101
2018-11-29,9.93,10.06,9.9,10,10,6400,6400,0.07,0.705,9.98667,"November 29, 18",0.00705
2018-11-28,49.5,50.049999,49.5,50,50,5280,5280,0.1,1.01,9.97,"November 28, 18",0.0101
2018-11-27,9.9,10.01,9.75,10,10,32200,32200,0.1,1.01,9.92,"November 27, 18",0.0101
2018-11-26,10,10.05,9.89,9.98,9.98,52300,52300,-0.02,-0.2,9.97333,"November 26, 18",-0.002
2018-11-23,9.95,10.05,9.95,10,10,20400,20400,0.05,0.503,10,"November 23, 18",0.00503
2018-11-21,10.04,10.15,10.03,10.03,10.03,8500,8500,-0.01,-0.1,10.07,"November 21, 18",-0.001
2018-11-20,50.700001,50.950001,49.849998,50.099998,50.099998,3440,3440,-0.12,-1.183,10.06,"November 20, 18",-0.01183
2018-11-19,10,10.22,9.95,10.15,10.15,37400,37400,0.15,1.5,10.10667,"November 19, 18",0.015
2018-11-16,10.28,10.28,9.75,10,10,144600,144600,-0.28,-2.724,10.01,"November 16, 18",-0.02724
2018-11-15,52.5,54.450001,50.25,51.25,51.25,134280,134280,-0.25,-2.381,10.39667,"November 15, 18",-0.02381